{
	"title": "Monthly fossil CO2 emissions: India",
	"format": "CSV",
	"headerlines": "1",
	"author": "Robbie Andrew",
	"date": "28 August 2024 UTC",
	"name": "india_co2_emissions_data.csv",
	"fields": [
		{
			"name": "yyyymm",
			"title": "Month",
			"type": "number"
		},
		{
			"name": "COL.CO2",
			"title": "CO2 emissions from Coal",
			"author": "Robbie Andrew",
			"type": "number",
			"URI": "https://folk.uio.no/roberan/t/india_CO2.shtml",
			"geography": "India",
			"units": "millions of tonnes"
		},
		{
			"name": "OIL.CO2",
			"title": "CO2 emissions from Oil",
			"author": "Robbie Andrew",
			"type": "number",
			"URI": "https://folk.uio.no/roberan/t/india_CO2.shtml",
			"geography": "India",
			"units": "millions of tonnes"
		},
		{
			"name": "GAS.CO2",
			"title": "CO2 emissions from Natural Gas",
			"author": "Robbie Andrew",
			"type": "number",
			"URI": "https://folk.uio.no/roberan/t/india_CO2.shtml",
			"geography": "India",
			"units": "millions of tonnes"
		},
		{
			"name": "CEM.CO2",
			"title": "CO2 emissions from Cement",
			"author": "Robbie Andrew",
			"type": "number",
			"URI": "https://folk.uio.no/roberan/t/india_CO2.shtml",
			"geography": "India",
			"units": "millions of tonnes"
		}
	]
}