"YYYYMM","Region","Wind (current)","Wind (YTD)","Solar (current)","Solar (YTD)"
202105,"National",96.300000,96.200000,98.300000,97.700000
202105,"Beijing",100,99.900000,100,100
202105,"Tianjin",100,99.900000,100,99.800000
202105,"Hebei",94.500000,94.600000,97.800000,97.100000
202105,"Shanxi",97.800000,96.300000,99.700000,98.100000
202105,"Shandong",99.600000,98,99.600000,98.600000
202105,"Inner Mongolia West",91.200000,88.500000,97.800000,96.300000
202105,"Inner Mongolia East",96,96.700000,99.700000,99.100000
202105,"Liaoning",97.900000,97.400000,99.600000,99.300000
202105,"Jilin",96.700000,96,98.400000,98.200000
202105,"Heilongjiang",99.400000,98.600000,99.800000,99.700000
202105,"Shanghai",100,100,100,100
202105,"Jiangsu",100,100,100,100
202105,"Zhejiang",100,100,100,100
202105,"Anhui",100,100,100,100
202105,"Fujian",100,100,100,100
202105,"Jiangxi",100,100,100,100
202105,"Henan",98.600000,99.100000,99.900000,100
202105,"Hubei",100,100,100,100
202105,"Hunan",91.800000,97.800000,100,100
202105,"Chongqing",100,100,100,100
202105,"Sichuan",100,100,100,100
202105,"Shaanxi",97.700000,97.100000,98.500000,97.500000
202105,"Gansu",96,95.500000,99.300000,98.500000
202105,"Qinghai",88.900000,87.400000,88,88
202105,"Ningxia",97.600000,96.700000,98.300000,96.900000
202105,"Xinjiang",89.800000,92.300000,97.200000,98.400000
202105,"Tibet",100,100,75.600000,75.300000
202105,"Guangdong",100,100,100,100
202105,"Guangxi",100,100,100,100
202105,"Hainan",100,100,100,100
202105,"Guizhou",99.500000,99.500000,99.900000,99.900000
202105,"Yunnan",100,99.900000,99.500000,99.800000
202106,"National",97.800000,96.400000,98.800000,97.900000
202106,"Beijing",100,99.900000,100,100
202106,"Tianjin",100,100,100,99.800000
202106,"Hebei",97.500000,95,99.100000,97.500000
202106,"Shanxi",98.600000,96.600000,99.900000,98.400000
202106,"Shandong",99.700000,98.200000,99.800000,98.800000
202106,"Inner Mongolia West",96.400000,89.500000,98.300000,96.600000
202106,"Inner Mongolia East",98,96.900000,99.900000,99.200000
202106,"Liaoning",100,97.700000,100,99.500000
202106,"Jilin",98.300000,96.300000,99.600000,98.400000
202106,"Heilongjiang",100,98.800000,100,99.800000
202106,"Shanghai",100,100,100,100
202106,"Jiangsu",100,100,100,100
202106,"Zhejiang",100,100,100,100
202106,"Anhui",100,100,100,100
202106,"Fujian",100,100,100,100
202106,"Jiangxi",100,100,100,100
202106,"Henan",100,99.200000,100,100
202106,"Hubei",100,100,100,100
202106,"Hunan",98.900000,98,100,100
202106,"Chongqing",100,100,100,100
202106,"Sichuan",100,100,100,100
202106,"Shaanxi",99.300000,97.400000,99.700000,97.900000
202106,"Gansu",96.600000,95.600000,99.200000,98.600000
202106,"Qinghai",92.700000,88.200000,89.500000,88.300000
202106,"Ningxia",99.400000,97,99.600000,97.500000
202106,"Xinjiang",92.300000,92.300000,98.400000,98.400000
202106,"Tibet",100,100,86.500000,77.200000
202106,"Guangdong",100,100,100,100
202106,"Guangxi",100,100,100,100
202106,"Hainan",100,100,100,100
202106,"Guizhou",99.900000,99.600000,100,99.900000
202106,"Yunnan",100,99.900000,99.800000,99.800000
202107,"National",98.600000,96.700000,98.600000,98
202107,"Beijing",100,99.900000,100,100
202107,"Tianjin",100,100,100,99.900000
202107,"Hebei",99.400000,95.300000,99.800000,97.900000
202107,"Shanxi",99.800000,96.900000,100,98.600000
202107,"Shandong",100,98.400000,100,99
202107,"Inner Mongolia West",98.800000,90.200000,98.100000,96.900000
202107,"Inner Mongolia East",100,97.200000,100,99.300000
202107,"Liaoning",100,97.900000,100,99.500000
202107,"Jilin",100,96.600000,100,98.600000
202107,"Heilongjiang",100,98.800000,100,99.800000
202107,"Shanghai",100,100,100,100
202107,"Jiangsu",100,100,100,100
202107,"Zhejiang",100,100,100,100
202107,"Anhui",100,100,100,100
202107,"Fujian",100,100,100,100
202107,"Jiangxi",100,100,100,100
202107,"Henan",100,99.300000,100,100
202107,"Hubei",100,100,100,100
202107,"Hunan",99.500000,98.300000,100,100
202107,"Chongqing",100,100,100,100
202107,"Sichuan",100,100,100,100
202107,"Shaanxi",99.100000,97.600000,99.500000,98.200000
202107,"Gansu",98,95.900000,99.900000,98.800000
202107,"Qinghai",94.700000,89.100000,85.200000,87.700000
202107,"Ningxia",99.700000,97.400000,99.500000,97.800000
202107,"Xinjiang",92.100000,92.300000,98.300000,98.400000
202107,"Tibet",100,100,92.700000,79.200000
202107,"Guangdong",100,100,100,100
202107,"Guangxi",100,100,100,100
202107,"Hainan",100,100,100,100
202107,"Guizhou",99.400000,99.600000,99.900000,99.900000
202107,"Yunnan",99.500000,99.900000,99.600000,99.800000
202108,"National",98.300000,96.800000,98.400000,98.100000
202108,"Beijing",100,99.900000,100,100
202108,"Tianjin",100,100,100,99.900000
202108,"Hebei",99.100000,95.500000,99.800000,98.100000
202108,"Shanxi",99.900000,97.100000,100,98.800000
202108,"Shandong",100,98.500000,100,99.200000
202108,"Inner Mongolia West",97.500000,90.800000,97.500000,96.900000
202108,"Inner Mongolia East",99.200000,97.400000,100,99.400000
202108,"Liaoning",99.900000,98,100,99.600000
202108,"Jilin",100,96.800000,100,98.800000
202108,"Heilongjiang",100,98.900000,100,99.800000
202108,"Shanghai",100,100,100,100
202108,"Jiangsu",100,100,100,100
202108,"Zhejiang",100,100,100,100
202108,"Anhui",100,100,100,100
202108,"Fujian",100,100,100,100
202108,"Jiangxi",100,100,100,100
202108,"Henan",100,99.400000,100,100
202108,"Hubei",100,100,100,100
202108,"Hunan",100,98.500000,100,100
202108,"Chongqing",100,100,100,100
202108,"Sichuan",100,100,100,100
202108,"Shaanxi",99.200000,97.800000,99.500000,98.400000
202108,"Gansu",96.300000,96,99.600000,98.900000
202108,"Qinghai",91.800000,89.400000,82.100000,87
202108,"Ningxia",99,97.600000,99.200000,98
202108,"Xinjiang",93.700000,92.400000,98.800000,98.500000
202108,"Tibet",100,100,92.700000,79.200000
202108,"Guangdong",100,100,100,100
202108,"Guangxi",100,100,100,100
202108,"Hainan",100,100,100,100
202108,"Guizhou",99.200000,99.500000,99.100000,99.700000
202108,"Yunnan","NaN","NaN","NaN","NaN"
202109,"National",98.100000,96.900000,97.600000,98
202109,"Beijing",100,99.900000,100,100
202109,"Tianjin",100,100,100,99.900000
202109,"Hebei",99.400000,95.800000,99.200000,98.200000
202109,"Shanxi",99.400000,97.300000,99.800000,98.900000
202109,"Shandong",99.600000,98.600000,99.500000,99.200000
202109,"Inner Mongolia West",97,91.100000,98,97
202109,"Inner Mongolia East",99.200000,97.500000,99.800000,99.400000
202109,"Liaoning",99.700000,98.100000,100,99.600000
202109,"Jilin",99.300000,97,99.700000,98.900000
202109,"Heilongjiang",100,99,100,99.800000
202109,"Shanghai",100,100,100,100
202109,"Jiangsu",100,100,100,100
202109,"Zhejiang",100,100,100,100
202109,"Anhui",100,100,100,100
202109,"Fujian",100,100,100,100
202109,"Jiangxi",100,100,100,100
202109,"Henan",97.300000,99.200000,99.700000,99.900000
202109,"Hubei",100,100,100,100
202109,"Hunan",100,98.600000,99.900000,100
202109,"Chongqing",100,100,100,100
202109,"Sichuan",100,100,100,100
202109,"Shaanxi",99,97.900000,97.800000,98.300000
202109,"Gansu",97.200000,96.100000,99.300000,99
202109,"Qinghai",83.200000,88.800000,73.900000,85.600000
202109,"Ningxia",97.700000,97.600000,96.900000,97.900000
202109,"Xinjiang",94.200000,92.600000,98.900000,98.500000
202109,"Tibet",100,100,88.100000,81
202109,"Guangdong",100,100,100,100
202109,"Guangxi",100,100,100,100
202109,"Hainan",100,100,100,100
202109,"Guizhou",99.500000,99.500000,99.400000,99.700000
202109,"Yunnan",100,99.900000,99.900000,99.800000
202110,"National",97.200000,97,97.400000,98
202110,"Beijing",100,99.900000,100,100
202110,"Tianjin",100,100,100,99.900000
202110,"Hebei",98.600000,96,98.600000,98.300000
202110,"Shanxi",99.700000,97.500000,99.900000,99
202110,"Shandong",99.300000,98.700000,99.600000,99.200000
202110,"Inner Mongolia West",97.700000,91.700000,98.100000,97.100000
202110,"Inner Mongolia East",96.800000,97.500000,99.100000,99.400000
202110,"Liaoning",94.300000,97.800000,98.900000,99.600000
202110,"Jilin",94.800000,96.700000,98.100000,98.800000
202110,"Heilongjiang",93.800000,98.400000,97.600000,99.600000
202110,"Shanghai",100,100,100,100
202110,"Jiangsu",100,100,100,100
202110,"Zhejiang",100,100,100,100
202110,"Anhui",100,100,100,100
202110,"Fujian",100,100,100,100
202110,"Jiangxi",99.300000,99.900000,100,100
202110,"Henan",94.500000,98.600000,99.600000,99.900000
202110,"Hubei",100,100,100,100
202110,"Hunan",100,98.800000,100,100
202110,"Chongqing",100,100,100,100
202110,"Sichuan",100,100,100,100
202110,"Shaanxi",97.500000,97.900000,96.400000,98.200000
202110,"Gansu",92.900000,95.700000,95.600000,98.600000
202110,"Qinghai",88,88.800000,77.200000,84.900000
202110,"Ningxia",97.500000,97.600000,96.700000,97.800000
202110,"Xinjiang",90.300000,92.400000,96.400000,98.300000
202110,"Tibet",100,100,85.100000,81.400000
202110,"Guangdong",100,100,100,100
202110,"Guangxi",100,100,100,100
202110,"Hainan",100,100,100,100
202110,"Guizhou",99.500000,99.500000,99.300000,99.700000
202110,"Yunnan",100,99.900000,100,99.800000
202111,"National",96.600000,96.900000,97.700000,97.900000
202111,"Beijing",100,99.900000,100,100
202111,"Tianjin",100,100,100,99.900000
202111,"Hebei",93,95.600000,98.100000,98.300000
202111,"Shanxi",97.800000,97.500000,99.200000,99
202111,"Shandong",97.400000,98.500000,98.300000,99.200000
202111,"Inner Mongolia West",90.700000,91.600000,96,97
202111,"Inner Mongolia East",97.400000,97.500000,99.100000,99.400000
202111,"Liaoning",97.900000,97.800000,100,99.600000
202111,"Jilin",97.600000,96.800000,99.500000,98.900000
202111,"Heilongjiang",96.200000,98.100000,99.300000,99.600000
202111,"Shanghai",100,100,100,100
202111,"Jiangsu",100,100,100,100
202111,"Zhejiang",100,100,100,100
202111,"Anhui",100,100,100,100
202111,"Fujian",100,100,100,100
202111,"Jiangxi",99.400000,99.900000,100,100
202111,"Henan",97,98.500000,99.300000,99.900000
202111,"Hubei",100,100,100,100
202111,"Hunan",100,98.900000,100,100
202111,"Chongqing",100,100,100,100
202111,"Sichuan",100,100,100,100
202111,"Shaanxi",96.800000,97.700000,95.600000,98
202111,"Gansu",97.100000,95.800000,97.600000,98.500000
202111,"Qinghai",90.700000,88.900000,90.800000,85.500000
202111,"Ningxia",96.600000,97.500000,94.400000,97.500000
202111,"Xinjiang",92.700000,92.400000,97.500000,98.300000
202111,"Tibet",100,100,78.900000,81.200000
202111,"Guangdong",100,100,100,100
202111,"Guangxi",100,100,100,100
202111,"Hainan",100,100,100,100
202111,"Guizhou",99.300000,99.500000,99,99.600000
202111,"Yunnan",100,99.900000,100,99.800000
202112,"National",96.900000,96.900000,98.200000,98
202112,"Beijing",100,100,100,100
202112,"Tianjin",100,100,100,99.900000
202112,"Hebei",93.700000,95.400000,97.900000,98.200000
202112,"Shanxi",97.500000,97.500000,99.600000,99.100000
202112,"Shandong",98.400000,98.500000,98.800000,99.100000
202112,"Inner Mongolia West",87.400000,91.100000,90.500000,96.500000
202112,"Inner Mongolia East",98.500000,97.600000,99.400000,99.400000
202112,"Liaoning",98.900000,98,99.900000,99.600000
202112,"Jilin",98.700000,97.100000,99.200000,98.900000
202112,"Heilongjiang",96.200000,98.100000,99.300000,99.600000
202112,"Shanghai",100,100,100,100
202112,"Jiangsu",100,100,100,100
202112,"Zhejiang",100,100,100,100
202112,"Anhui",100,100,100,100
202112,"Fujian",100,100,100,100
202112,"Jiangxi",100,99.900000,100,100
202112,"Henan",96.900000,98.300000,99.700000,99.900000
202112,"Hubei",100,100,100,100
202112,"Hunan",100,99,100,100
202112,"Chongqing",100,100,100,100
202112,"Sichuan",100,100,100,100
202112,"Shaanxi",97.800000,97.700000,99.100000,98
202112,"Gansu",97.500000,95.900000,98.400000,98.500000
202112,"Qinghai",94.200000,89.300000,94.200000,86.200000
202112,"Ningxia",98.300000,97.600000,98.100000,97.500000
202112,"Xinjiang",96.600000,92.700000,98.500000,98.300000
202112,"Tibet",100,100,70.700000,80.200000
202112,"Guangdong",100,100,100,100
202112,"Guangxi",100,100,100,100
202112,"Hainan",100,100,100,100
202112,"Guizhou",99.600000,99.500000,99.800000,99.600000
202112,"Yunnan",100,99.900000,100,99.800000
202201,"National",98.200000,98.200000,98.300000,98.300000
202201,"Beijing",100,100,100,100
202201,"Tianjin",99.500000,99.500000,99.700000,99.700000
202201,"Hebei",97.700000,97.700000,98.400000,98.400000
202201,"Shanxi",96.200000,96.200000,99,99
202201,"Shandong",97.600000,97.600000,96.900000,96.900000
202201,"Inner Mongolia West",93.500000,93.500000,96.700000,96.700000
202201,"Inner Mongolia East",98.800000,98.800000,99.700000,99.700000
202201,"Liaoning",99.500000,99.500000,100,100
202201,"Jilin",97.800000,97.800000,99.700000,99.700000
202201,"Heilongjiang",100,100,100,100
202201,"Shanghai",100,100,100,100
202201,"Jiangsu",100,100,100,100
202201,"Zhejiang",100,100,100,100
202201,"Anhui",100,100,100,100
202201,"Fujian",100,100,100,100
202201,"Jiangxi",100,100,100,100
202201,"Henan",97.300000,97.300000,99.600000,99.600000
202201,"Hubei",100,100,100,100
202201,"Hunan",100,100,100,100
202201,"Chongqing",100,100,100,100
202201,"Sichuan",100,100,100,100
202201,"Shaanxi",93.500000,93.500000,97.600000,97.600000
202201,"Gansu",98.600000,98.600000,98.600000,98.600000
202201,"Qinghai",96,96,95.500000,95.500000
202201,"Ningxia",97.300000,97.300000,97.800000,97.800000
202201,"Xinjiang",98.600000,98.600000,99.300000,99.300000
202201,"Tibet",100,100,73.500000,73.500000
202201,"Guangdong",100,100,100,100
202201,"Guangxi",100,100,100,100
202201,"Hainan",100,100,100,100
202201,"Guizhou",99.400000,99.400000,98.900000,98.900000
202201,"Yunnan",100,100,99.200000,99.200000
202202,"National",96.500000,97.300000,96.300000,97.300000
202202,"Beijing",100,100,100,100
202202,"Tianjin",99,99.200000,99.400000,99.500000
202202,"Hebei",96,96.700000,94,95.900000
202202,"Shanxi",95.100000,95.700000,97.500000,98.200000
202202,"Shandong",90.300000,94,92.500000,94.300000
202202,"Inner Mongolia West",86.700000,90.600000,90.300000,93.200000
202202,"Inner Mongolia East",97.300000,98,97.600000,98.600000
202202,"Liaoning",98.300000,98.900000,98.800000,99.300000
202202,"Jilin",96.100000,96.800000,99.600000,99.600000
202202,"Heilongjiang",99.100000,99.500000,99.100000,99.500000
202202,"Shanghai",100,100,100,100
202202,"Jiangsu",100,100,100,100
202202,"Zhejiang",100,100,100,100
202202,"Anhui",100,100,100,100
202202,"Fujian",100,100,100,100
202202,"Jiangxi",100,100,100,100
202202,"Henan",96.500000,96.900000,98.500000,99
202202,"Hubei",100,100,100,100
202202,"Hunan",100,100,100,100
202202,"Chongqing",100,100,100,100
202202,"Sichuan",100,100,100,100
202202,"Shaanxi",96.200000,94.800000,97.500000,97.500000
202202,"Gansu",92.800000,95.100000,98.500000,98.500000
202202,"Qinghai",90.200000,92.700000,91,93.200000
202202,"Ningxia",98.200000,97.700000,97.800000,97.800000
202202,"Xinjiang",94.900000,96.300000,97.500000,98.400000
202202,"Tibet",100,100,78.100000,75.900000
202202,"Guangdong",100,100,100,100
202202,"Guangxi",100,100,100,100
202202,"Hainan",100,100,100,100
202202,"Guizhou",98.800000,99.200000,98.700000,99.300000
202202,"Yunnan",100,100,100,100
202203,"National",96.100000,96.800000,97.200000,97.200000
202203,"Beijing",100,100,100,100
202203,"Tianjin",100,99.500000,100,99.700000
202203,"Hebei",95.500000,96.200000,96.300000,96
202203,"Shanxi",96.500000,96,98.600000,98.400000
202203,"Shandong",97.800000,95.800000,97.400000,95.600000
202203,"Inner Mongolia West",87.400000,89.200000,97.300000,94.800000
202203,"Inner Mongolia East",96.400000,97.400000,97.300000,98.100000
202203,"Liaoning",97.800000,98.400000,98.100000,98.800000
202203,"Jilin",90.300000,93.800000,94.600000,97.800000
202203,"Heilongjiang",92.200000,96.800000,95.600000,98
202203,"Shanghai",100,100,100,100
202203,"Jiangsu",100,100,100,100
202203,"Zhejiang",100,100,100,100
202203,"Anhui",100,100,100,100
202203,"Fujian",100,100,100,100
202203,"Jiangxi",100,100,100,100
202203,"Henan",95.100000,96.100000,98.300000,98.700000
202203,"Hubei",100,100,100,100
202203,"Hunan",100,100,100,100
202203,"Chongqing",100,100,100,100
202203,"Sichuan",100,100,100,100
202203,"Shaanxi",92.200000,93.500000,96.200000,97
202203,"Gansu",93.800000,94.500000,97.100000,98
202203,"Qinghai",95.900000,94.100000,90.200000,92.100000
202203,"Ningxia",96.400000,97.100000,94.300000,96.400000
202203,"Xinjiang",93.200000,94.800000,98.300000,98.300000
202203,"Tibet",100,100,75.600000,75.800000
202203,"Guangdong",99.300000,99.800000,99.700000,99.900000
202203,"Guangxi",100,100,100,100
202203,"Hainan",100,100,100,100
202203,"Guizhou",99.500000,99.300000,98.100000,98.700000
202203,"Yunnan",100,100,99.800000,99.800000
202204,"National",94.800000,95.900000,97.600000,97.400000
202204,"Beijing",100,100,100,100
202204,"Tianjin",100,99.700000,100,99.800000
202204,"Hebei",93,95.300000,96.600000,96.200000
202204,"Shanxi",98.300000,96.600000,99.600000,98.700000
202204,"Shandong",96.600000,96.100000,97.300000,96.200000
202204,"Inner Mongolia West",86,88.200000,97.500000,95.600000
202204,"Inner Mongolia East",85.500000,89.300000,96.500000,97.700000
202204,"Liaoning",95.700000,97.600000,98.700000,98.800000
202204,"Jilin",88.900000,92,95,97
202204,"Heilongjiang",92.100000,95.300000,94.600000,97
202204,"Shanghai",100,100,100,100
202204,"Jiangsu",100,100,100,100
202204,"Zhejiang",100,100,100,100
202204,"Anhui",100,100,100,100
202204,"Fujian",100,100,100,100
202204,"Jiangxi",100,100,100,100
202204,"Henan",98.700000,96.900000,99.600000,99
202204,"Hubei",100,100,100,100
202204,"Hunan",96.200000,98.800000,100,100
202204,"Chongqing",100,100,100,100
202204,"Sichuan",100,100,100,100
202204,"Shaanxi",94.100000,93.700000,97.400000,97.100000
202204,"Gansu",92.200000,93.800000,96.900000,97.700000
202204,"Qinghai",96.200000,94.800000,89.900000,91.500000
202204,"Ningxia",98.700000,97.600000,97.900000,96.900000
202204,"Xinjiang",92,93.900000,96,97.600000
202204,"Tibet",100,100,77.800000,76.400000
202204,"Guangdong",99.700000,99.700000,100,99.900000
202204,"Guangxi",100,100,100,100
202204,"Hainan",100,100,100,100
202204,"Guizhou",99.700000,99.500000,99.700000,99
202204,"Yunnan",99.900000,100,99.300000,99.700000
202205,"National",94.700000,95.600000,98,97.500000
202205,"Beijing",100,100,100,100
202205,"Tianjin",100,99.800000,100,99.900000
202205,"Hebei",95,95.200000,97.800000,96.600000
202205,"Shanxi",98.100000,96.900000,99.400000,98.900000
202205,"Shandong",96.900000,96.400000,98,96.700000
202205,"Inner Mongolia West",85.500000,87.700000,97.500000,96
202205,"Inner Mongolia East",88,89,99.400000,98.100000
202205,"Liaoning",99.500000,98,99.700000,99
202205,"Jilin",93.900000,92.400000,98.200000,97.300000
202205,"Heilongjiang",98.700000,96,99.500000,97.600000
202205,"Shanghai",100,100,100,100
202205,"Jiangsu",100,100,100,100
202205,"Zhejiang",100,100,100,100
202205,"Anhui",100,100,100,100
202205,"Fujian",100,100,100,100
202205,"Jiangxi",99.700000,99.900000,100,100
202205,"Henan",98.900000,97.400000,99.500000,99.100000
202205,"Hubei",100,100,100,100
202205,"Hunan",87.400000,96.800000,100,100
202205,"Chongqing",100,100,100,100
202205,"Sichuan",100,100,100,100
202205,"Shaanxi",96.300000,94.300000,97.800000,97.300000
202205,"Gansu",81.700000,90.300000,96.200000,97.300000
202205,"Qinghai",93.400000,94.500000,83.700000,90
202205,"Ningxia",99.600000,98,99.200000,97.500000
202205,"Xinjiang",92.700000,93.500000,98.900000,97.900000
202205,"Tibet",100,100,85.800000,78.100000
202205,"Guangdong",99.300000,99.700000,100,99.900000
202205,"Guangxi",100,100,100,100
202205,"Hainan",100,100,100,100
202205,"Guizhou",99.800000,99.500000,99.700000,99.200000
202205,"Yunnan",100,100,99.700000,99.700000
202206,"National",97,95.800000,98.600000,97.700000
202206,"Beijing",100,100,100,100
202206,"Tianjin",100,99.800000,100,99.900000
202206,"Hebei",97.600000,95.500000,99.300000,97.200000
202206,"Shanxi",99.700000,97.300000,99.900000,99.100000
202206,"Shandong",99.500000,96.900000,100,97.300000
202206,"Inner Mongolia West",94.900000,88.800000,97.900000,96.400000
202206,"Inner Mongolia East",85.900000,88.700000,99.200000,98.300000
202206,"Liaoning",99.400000,98.100000,99.700000,99.100000
202206,"Jilin",95.600000,92.800000,99.200000,97.600000
202206,"Heilongjiang",100,96.400000,100,98
202206,"Shanghai",100,100,100,100
202206,"Jiangsu",100,100,100,100
202206,"Zhejiang",100,100,100,100
202206,"Anhui",100,100,100,100
202206,"Fujian",100,100,100,100
202206,"Jiangxi",99.800000,99.900000,100,100
202206,"Henan",100,97.800000,100,99.300000
202206,"Hubei",100,100,100,100
202206,"Hunan",89.600000,95.200000,100,100
202206,"Chongqing",100,100,100,100
202206,"Sichuan",100,100,100,100
202206,"Shaanxi",96.200000,94.700000,98.400000,97.500000
202206,"Gansu",93.200000,90.900000,98.300000,97.500000
202206,"Qinghai",88.800000,93.500000,84.800000,89.100000
202206,"Ningxia",99,98.200000,98.900000,97.700000
202206,"Xinjiang",94.900000,93.800000,99,98.100000
202206,"Tibet",100,100,87.500000,79.600000
202206,"Guangdong",100,99.700000,100,99.900000
202206,"Guangxi",100,100,100,100
202206,"Hainan",100,100,100,100
202206,"Guizhou",99.900000,99.600000,98.900000,99.100000
202206,"Yunnan",99.300000,99.900000,99.700000,99.700000
202207,"National",97.900000,96.100000,98.900000,97.900000
202207,"Beijing",100,100,100,100
202207,"Tianjin",100,99.800000,100,99.900000
202207,"Hebei",98.900000,95.800000,99.700000,97.600000
202207,"Shanxi",100,97.600000,100,99.200000
202207,"Shandong",99,97.100000,100,97.700000
202207,"Inner Mongolia West",97.700000,89.900000,99.300000,96.800000
202207,"Inner Mongolia East",93,89.100000,100,98.500000
202207,"Liaoning",99.900000,98.300000,99.800000,99.200000
202207,"Jilin",99.900000,93.400000,100,97.900000
202207,"Heilongjiang",100,96.700000,100,98.300000
202207,"Shanghai",100,100,100,100
202207,"Jiangsu",100,100,100,100
202207,"Zhejiang",100,100,100,100
202207,"Anhui",100,100,100,100
202207,"Fujian",100,100,100,100
202207,"Jiangxi",99.500000,99.800000,100,100
202207,"Henan",99.900000,98,100,99.500000
202207,"Hubei",100,100,100,100
202207,"Hunan",97.500000,95.600000,100,100
202207,"Chongqing",100,100,100,100
202207,"Sichuan",100,100,100,100
202207,"Shaanxi",96.300000,94.900000,98.700000,97.700000
202207,"Gansu",94.100000,91.400000,100,97.800000
202207,"Qinghai",88.500000,92.800000,87.400000,88.800000
202207,"Ningxia",99.300000,98.300000,99.300000,98
202207,"Xinjiang",96.500000,94.300000,99.400000,98.300000
202207,"Tibet",100,100,86.500000,80.600000
202207,"Guangdong",100,99.700000,100,99.900000
202207,"Guangxi",100,100,100,100
202207,"Hainan",100,100,100,100
202207,"Guizhou",99.900000,99.600000,99.300000,99.200000
202207,"Yunnan",100,99.900000,99.800000,99.700000
202208,"National",98.600000,96.300000,99.400000,98.100000
202208,"Beijing",100,100,100,100
202208,"Tianjin",100,99.800000,100,99.900000
202208,"Hebei",98.700000,96.100000,99.600000,97.800000
202208,"Shanxi",99.900000,97.800000,100,99.300000
202208,"Shandong",100,97.400000,100,98
202208,"Inner Mongolia West",99.100000,90.700000,99.700000,97.100000
202208,"Inner Mongolia East",94.900000,89.700000,99.700000,98.700000
202208,"Liaoning",99.900000,98.400000,99.900000,99.300000
202208,"Jilin",99.900000,94.100000,100,98.200000
202208,"Heilongjiang",99.900000,97,100,98.500000
202208,"Shanghai",100,100,100,100
202208,"Jiangsu",100,100,100,100
202208,"Zhejiang",100,100,100,100
202208,"Anhui",100,100,100,100
202208,"Fujian",100,100,100,100
202208,"Jiangxi",100,99.900000,100,100
202208,"Henan",100,98.300000,100,99.500000
202208,"Hubei",100,100,100,100
202208,"Hunan",100,96.200000,100,100
202208,"Chongqing",100,100,100,100
202208,"Sichuan",100,100,100,100
202208,"Shaanxi",96.700000,95.100000,98.500000,97.800000
202208,"Gansu",96.200000,92.100000,99.400000,98
202208,"Qinghai",96.500000,93.300000,95,89.500000
202208,"Ningxia",99.700000,98.500000,99.300000,98.100000
202208,"Xinjiang",96.100000,94.500000,98,98.300000
202208,"Tibet",100,100,89.300000,81.700000
202208,"Guangdong",99.900000,99.800000,99.900000,100
202208,"Guangxi",100,100,100,100
202208,"Hainan",100,100,100,100
202208,"Guizhou",99.900000,99.700000,99.900000,99.200000
202208,"Yunnan",99.900000,99.900000,99.900000,99.700000
202209,"National",97.800000,96.500000,98.500000,98.200000
202209,"Beijing",100,100,100,100
202209,"Tianjin",100,100,100,100
202209,"Hebei",97.500000,96.200000,99.100000,98
202209,"Shanxi",99.100000,97.900000,99.900000,99.400000
202209,"Shandong",99.900000,97.600000,99.900000,98.300000
202209,"Inner Mongolia West",97.700000,91.400000,98.300000,97.300000
202209,"Inner Mongolia East",87.800000,89.500000,98.600000,98.600000
202209,"Liaoning",98.700000,98.400000,98.900000,99.300000
202209,"Jilin",98.400000,94.700000,99.200000,98.300000
202209,"Heilongjiang",99.400000,97.300000,99.100000,98.600000
202209,"Shanghai",100,100,100,100
202209,"Jiangsu",100,100,100,100
202209,"Zhejiang",100,100,100,100
202209,"Anhui",100,100,100,100
202209,"Fujian",100,100,100,100
202209,"Jiangxi",100,99.900000,100,100
202209,"Henan",99.900000,98.400000,99.900000,99.600000
202209,"Hubei",100,100,100,100
202209,"Hunan",100,96.500000,100,100
202209,"Chongqing",100,100,100,100
202209,"Sichuan",100,100,100,100
202209,"Shaanxi",98.500000,95.500000,98.100000,97.800000
202209,"Gansu",95.896000,92.500000,97.500000,97.900000
202209,"Qinghai",91.200000,93.100000,92.800000,89.900000
202209,"Ningxia",99.900000,98.700000,93.900000,97.600000
202209,"Xinjiang",97.500000,94.800000,93.900000,97.800000
202209,"Tibet",100,100,69.200000,80.500000
202209,"Guangdong",99.900000,99.800000,100,100
202209,"Guangxi",100,100,100,100
202209,"Hainan",100,100,100,100
202209,"Guizhou",100,99.700000,99.800000,99.300000
202209,"Yunnan",100,99.900000,99.500000,99.700000
202210,"National",98.100000,96.700000,98.300000,98.200000
202210,"Beijing",100,100,100,100
202210,"Tianjin",100,100,100,100
202210,"Hebei",96.700000,96.300000,98.700000,98.100000
202210,"Shanxi",99.500000,98.100000,99.800000,99.400000
202210,"Shandong",97.700000,97.600000,98.700000,98.300000
202210,"Inner Mongolia West",97.400000,92.100000,97.900000,97.300000
202210,"Inner Mongolia East",90.900000,89.600000,98.500000,98.600000
202210,"Liaoning",99,98.500000,99.500000,99.300000
202210,"Jilin",98,95.100000,99.500000,98.400000
202210,"Heilongjiang",99.800000,97.600000,99.800000,98.700000
202210,"Shanghai",100,100,100,100
202210,"Jiangsu",100,100,100,100
202210,"Zhejiang",100,100,100,100
202210,"Anhui",100,100,100,100
202210,"Fujian",100,100,100,100
202210,"Jiangxi",99.800000,99.900000,100,100
202210,"Henan",98.400000,98.400000,99.300000,99.600000
202210,"Hubei",100,100,100,100
202210,"Hunan",100,97,100,100
202210,"Chongqing",100,100,100,100
202210,"Sichuan",100,100,100,100
202210,"Shaanxi",98,95.700000,97.600000,97.800000
202210,"Gansu",96.700000,92.900000,98.700000,98
202210,"Qinghai",92.500000,93.100000,95.100000,90.400000
202210,"Ningxia",98.200000,98.600000,95.500000,97.400000
202210,"Xinjiang",97.400000,95,88,97
202210,"Tibet",100,100,76.200000,80
202210,"Guangdong",100,99.800000,100,100
202210,"Guangxi",100,100,100,100
202210,"Hainan",100,100,100,100
202210,"Guizhou",99.900000,99.700000,99.700000,99.300000
202210,"Yunnan",99.900000,99.900000,98,99.600000
202211,"National",97.300000,96.700000,98.400000,98.200000
202211,"Beijing",100,100,100,100
202211,"Tianjin",100,100,100,100
202211,"Hebei",92.200000,95.800000,97,98
202211,"Shanxi",99.100000,98.200000,99.600000,99.400000
202211,"Shandong",99.200000,97.800000,99.500000,98.400000
202211,"Inner Mongolia West",95.700000,92.400000,97.900000,97.400000
202211,"Inner Mongolia East",91.100000,89.800000,98.900000,98.600000
202211,"Liaoning",99,98.600000,99.800000,99.300000
202211,"Jilin",94.600000,95,95.700000,98.200000
202211,"Heilongjiang",100,97.900000,100,98.800000
202211,"Shanghai",100,100,100,100
202211,"Jiangsu",100,100,100,100
202211,"Zhejiang",100,100,100,100
202211,"Anhui",100,100,100,100
202211,"Fujian",100,100,100,100
202211,"Jiangxi",100,99.900000,100,100
202211,"Henan",97.800000,98.400000,99.500000,99.600000
202211,"Hubei",100,100,100,100
202211,"Hunan",99.100000,97.200000,100,100
202211,"Chongqing",100,100,100,100
202211,"Sichuan",100,100,100,100
202211,"Shaanxi",96,95.800000,97.200000,97.800000
202211,"Gansu",98,93.300000,99.200000,98.100000
202211,"Qinghai",89.600000,92.800000,94.300000,90.700000
202211,"Ningxia",98.400000,98.600000,96.900000,97.400000
202211,"Xinjiang",97.900000,95.200000,97.200000,97
202211,"Tibet",100,100,81.100000,80.100000
202211,"Guangdong",100,99.800000,100,100
202211,"Guangxi",100,100,100,100
202211,"Hainan",100,100,100,100
202211,"Guizhou",99.400000,99.700000,99.500000,99.300000
202211,"Yunnan",99.700000,99.900000,99.300000,99.500000
202212,"National",97,97.300000,97.100000,98
202212,"Beijing",100,99.900000,100,100
202212,"Tianjin",100,100,100,100
202212,"Hebei",91.300000,94.300000,95.900000,97.500000
202212,"Shanxi",99.500000,98.900000,95.800000,98.900000
202212,"Shandong",94,97.600000,98.700000,99.300000
202212,"Inner Mongolia West",94.800000,93.200000,97.400000,96.600000
202212,"Inner Mongolia East",96.200000,96.700000,98.900000,98.700000
202212,"Liaoning",96.900000,98,98.400000,99.300000
202212,"Jilin",96.100000,96,95.800000,97.100000
202212,"Heilongjiang",98.200000,98.600000,99.800000,99.100000
202212,"Shanghai",100,100,100,100
202212,"Jiangsu",100,100,100,100
202212,"Zhejiang",100,100,100,100
202212,"Anhui",100,100,100,100
202212,"Fujian",100,100,100,100
202212,"Jiangxi",100,100,100,99.900000
202212,"Henan",95.800000,96.800000,96.800000,97.700000
202212,"Hubei",99.700000,99,98.500000,98.300000
202212,"Hunan",100,99.700000,100,100
202212,"Chongqing",100,100,100,100
202212,"Sichuan",100,100,100,100
202212,"Shaanxi",93.600000,96.800000,97.300000,96.500000
202212,"Gansu",96.200000,95,83.200000,95
202212,"Qinghai",92.800000,94.200000,95.500000,91.400000
202212,"Ningxia",97,97.800000,95,96.400000
202212,"Xinjiang",97.400000,95.800000,99.100000,96.900000
202212,"Tibet",100,100,75.200000,78
202212,"Guangdong",99.600000,99.600000,99.900000,99.900000
202212,"Guangxi",100,100,100,100
202212,"Hainan",100,99.900000,100,99.800000
202212,"Guizhou",99.600000,99.700000,99.300000,99.400000
202212,"Yunnan",99.900000,100,99.300000,99.400000
202301,"National",95.500000,95.500000,96.800000,96.800000
202301,"Beijing",99.200000,99.200000,100,100
202301,"Tianjin",99.700000,99.700000,99.600000,99.600000
202301,"Hebei",90.600000,90.600000,91.100000,91.100000
202301,"Shanxi",95.900000,95.900000,96.900000,96.900000
202301,"Shandong",96.900000,96.900000,98,98
202301,"Inner Mongolia West",84.800000,84.800000,83.800000,83.800000
202301,"Inner Mongolia East",88.900000,88.900000,99.300000,99.300000
202301,"Liaoning",98.400000,98.400000,98.100000,98.100000
202301,"Jilin",97.100000,97.100000,97.700000,97.700000
202301,"Heilongjiang",99.800000,99.800000,99.500000,99.500000
202301,"Shanghai",100,100,100,100
202301,"Jiangsu",100,100,100,100
202301,"Zhejiang",100,100,100,100
202301,"Anhui",100,100,100,100
202301,"Fujian",100,100,100,100
202301,"Jiangxi",99.800000,99.800000,100,100
202301,"Henan",94.400000,94.400000,98.100000,98.100000
202301,"Hubei",100,100,100,100
202301,"Hunan",99.600000,99.600000,100,100
202301,"Chongqing",100,100,100,100
202301,"Sichuan",100,100,100,100
202301,"Shaanxi",96.800000,96.800000,97.100000,97.100000
202301,"Gansu",97.300000,97.300000,99.200000,99.200000
202301,"Qinghai",95,95,96.600000,96.600000
202301,"Ningxia",95.800000,95.800000,91.100000,91.100000
202301,"Xinjiang",98.800000,98.800000,99.200000,99.200000
202301,"Tibet",100,100,71.800000,71.800000
202301,"Guangdong",100,100,100,100
202301,"Guangxi",100,100,100,100
202301,"Hainan",100,100,100,100
202301,"Guizhou",99.500000,99.500000,99.400000,99.400000
202301,"Yunnan",100,100,99.200000,99.200000
202302,"National",98.500000,96.900000,98.900000,97.900000
202302,"Beijing",100,99.500000,100,100
202302,"Tianjin",99.900000,99.800000,99.900000,99.800000
202302,"Hebei",97.300000,93.200000,97.700000,94.500000
202302,"Shanxi",99.400000,97.100000,99.600000,98.200000
202302,"Shandong",99.300000,98.100000,99.600000,98.900000
202302,"Inner Mongolia West",96.100000,88.800000,97.700000,90.900000
202302,"Inner Mongolia East",94.100000,91.200000,98.600000,98.900000
202302,"Liaoning",98.600000,98.500000,98.700000,98.400000
202302,"Jilin",96.600000,96.800000,98.400000,98.100000
202302,"Heilongjiang",100,99.900000,100,99.800000
202302,"Shanghai",100,100,100,100
202302,"Jiangsu",100,100,100,100
202302,"Zhejiang",100,100,100,100
202302,"Anhui",100,100,100,100
202302,"Fujian",100,100,100,100
202302,"Jiangxi",100,99.900000,100,100
202302,"Henan",99,96.400000,99.400000,98.700000
202302,"Hubei",100,100,100,100
202302,"Hunan",100,99.800000,100,100
202302,"Chongqing",100,100,100,100
202302,"Sichuan",100,100,100,100
202302,"Shaanxi",98.500000,97.500000,97.900000,97.500000
202302,"Gansu",97.300000,97.300000,98.900000,99
202302,"Qinghai",97.200000,96.100000,98,97.300000
202302,"Ningxia",97.600000,96.500000,98.400000,94.700000
202302,"Xinjiang",98.800000,98.800000,98.600000,98.900000
202302,"Tibet",100,100,73.100000,72.300000
202302,"Guangdong",99.800000,99.900000,99.900000,99.900000
202302,"Guangxi",100,100,100,100
202302,"Hainan",100,100,100,100
202302,"Guizhou",99.600000,99.500000,99.400000,99.400000
202302,"Yunnan",100,100,99.800000,99.500000
202303,"National",96.800000,96.800000,98.200000,98
202303,"Beijing",100,99.600000,100,100
202303,"Tianjin",100,99.900000,100,99.900000
202303,"Hebei",91.900000,92.800000,96.400000,95.300000
202303,"Shanxi",99.200000,97.800000,99.400000,98.700000
202303,"Shandong",98.400000,98.500000,99.600000,99.200000
202303,"Inner Mongolia West",90.900000,89.500000,94.700000,92.500000
202303,"Inner Mongolia East",89.700000,90.700000,98.100000,98.600000
202303,"Liaoning",98.400000,98.400000,99.500000,98.900000
202303,"Jilin",95.300000,96.200000,96.800000,97.600000
202303,"Heilongjiang",98.400000,99.300000,98.200000,99.200000
202303,"Shanghai",100,100,100,100
202303,"Jiangsu",100,100,100,100
202303,"Zhejiang",100,100,100,100
202303,"Anhui",100,100,100,100
202303,"Fujian",100,100,100,100
202303,"Jiangxi",100,99.900000,100,100
202303,"Henan",96.300000,96.400000,97.200000,98
202303,"Hubei",100,100,100,100
202303,"Hunan",99.900000,99.900000,100,100
202303,"Chongqing",100,100,100,100
202303,"Sichuan",100,100,100,100
202303,"Shaanxi",97.800000,97.600000,97.400000,97.400000
202303,"Gansu",94.700000,96.300000,97,98.200000
202303,"Qinghai",94.800000,95.600000,95,96.400000
202303,"Ningxia",97.900000,96.900000,97.600000,95.900000
202303,"Xinjiang",98.600000,98.700000,98.300000,98.600000
202303,"Tibet",100,100,73.100000,72.600000
202303,"Guangdong",100,99.900000,100,99.900000
202303,"Guangxi",100,100,100,100
202303,"Hainan",100,100,100,100
202303,"Guizhou",99.500000,99.500000,99.400000,99.400000
202303,"Yunnan",100,100,99.900000,99.700000
202304,"National",96.100000,96.600000,97.900000,98
202304,"Beijing",100,99.700000,100,100
202304,"Tianjin",100,99.900000,100,99.900000
202304,"Hebei",91.900000,92.500000,96.700000,95.700000
202304,"Shanxi",99.200000,98.200000,99.300000,98.900000
202304,"Shandong",98.200000,98.600000,99.400000,99.200000
202304,"Inner Mongolia West",91.500000,90.100000,96,93.400000
202304,"Inner Mongolia East",85.900000,89.300000,97.400000,98.300000
202304,"Liaoning",96,97.700000,98.800000,98.800000
202304,"Jilin",94.100000,95.600000,92.700000,96.400000
202304,"Heilongjiang",98.300000,99,98.300000,98.900000
202304,"Shanghai",100,100,100,100
202304,"Jiangsu",100,100,100,100
202304,"Zhejiang",100,100,100,100
202304,"Anhui",100,100,100,100
202304,"Fujian",100,100,100,100
202304,"Jiangxi",100,99.900000,100,100
202304,"Henan",95.700000,96.200000,96.100000,97.400000
202304,"Hubei",100,100,99.400000,99.800000
202304,"Hunan",99.600000,99.800000,100,100
202304,"Chongqing",100,100,100,100
202304,"Sichuan",100,100,100,100
202304,"Shaanxi",97.700000,97.600000,97.100000,97.300000
202304,"Gansu",93.600000,95.400000,96.800000,97.800000
202304,"Qinghai",92.600000,94.600000,89.600000,94.500000
202304,"Ningxia",97.300000,97,96.200000,95.900000
202304,"Xinjiang",97.600000,98.400000,98.700000,98.600000
202304,"Tibet",100,100,81.800000,75
202304,"Guangdong",99.900000,99.900000,99.900000,99.900000
202304,"Guangxi",100,100,100,100
202304,"Hainan",100,100,100,100
202304,"Guizhou",99.500000,99.500000,99.200000,99.300000
202304,"Yunnan",100,100,100,99.800000
202305,"National",96.500000,96.600000,98.300000,98
202305,"Beijing",100,99.800000,100,100
202305,"Tianjin",100,99.900000,100,99.900000
202305,"Hebei",96.500000,93.300000,97.700000,96.100000
202305,"Shanxi",99,98.300000,99.600000,99
202305,"Shandong",96.600000,98.200000,98.800000,99.100000
202305,"Inner Mongolia West",92.400000,90.600000,97.400000,94.300000
202305,"Inner Mongolia East",89.700000,89.400000,99.300000,98.500000
202305,"Liaoning",96.600000,97.500000,99.200000,98.900000
202305,"Jilin",94.300000,95.300000,95.300000,96.100000
202305,"Heilongjiang",95.900000,98.400000,97.700000,98.600000
202305,"Shanghai",100,100,100,100
202305,"Jiangsu",100,100,100,100
202305,"Zhejiang",100,100,100,100
202305,"Anhui",100,100,100,100
202305,"Fujian",100,100,100,100
202305,"Jiangxi",100,100,99.800000,99.900000
202305,"Henan",97.700000,96.500000,98,97.600000
202305,"Hubei",99.900000,100,99,99.600000
202305,"Hunan",98.600000,99.500000,100,100
202305,"Chongqing",100,100,100,100
202305,"Sichuan",100,100,100,100
202305,"Shaanxi",97.700000,97.700000,97.400000,97.300000
202305,"Gansu",92.400000,94.700000,96.500000,97.500000
202305,"Qinghai",96.200000,94.900000,92.300000,94.100000
202305,"Ningxia",97.500000,97.100000,96.800000,96.100000
202305,"Xinjiang",94.900000,97.400000,97.600000,98.400000
202305,"Tibet",100,100,75.500000,75.100000
202305,"Guangdong",99.400000,99.800000,100,99.900000
202305,"Guangxi",100,100,100,100
202305,"Hainan",100,100,100,100
202305,"Guizhou",99.700000,99.600000,99.300000,99.300000
202305,"Yunnan",100,100,99.900000,99.800000
202306,"National",97.700000,96.700000,98.700000,98.200000
202306,"Beijing",100,99.800000,100,100
202306,"Tianjin",100,99.900000,100,99.900000
202306,"Hebei",97.900000,93.800000,98.500000,96.600000
202306,"Shanxi",99.600000,98.500000,99.700000,99.200000
202306,"Shandong",99.100000,98.300000,99.500000,99.200000
202306,"Inner Mongolia West",94,91.100000,98.500000,95.100000
202306,"Inner Mongolia East",95,90.100000,99.800000,98.700000
202306,"Liaoning",99.400000,97.700000,99.700000,99.100000
202306,"Jilin",98.800000,95.700000,98.400000,96.500000
202306,"Heilongjiang",100,98.500000,100,98.900000
202306,"Shanghai",100,100,100,100
202306,"Jiangsu",100,100,100,100
202306,"Zhejiang",100,100,100,100
202306,"Anhui",100,100,100,100
202306,"Fujian",100,100,100,100
202306,"Jiangxi",100,100,100,100
202306,"Henan",98.800000,96.800000,99.200000,97.900000
202306,"Hubei",99.900000,100,98.700000,99.400000
202306,"Hunan",98.700000,99.400000,99.900000,100
202306,"Chongqing",100,100,100,100
202306,"Sichuan",100,100,100,100
202306,"Shaanxi",99,97.800000,98.900000,97.700000
202306,"Gansu",94,94.600000,98.500000,97.700000
202306,"Qinghai",96.200000,95.100000,88.100000,92.900000
202306,"Ningxia",98.800000,97.400000,99.200000,96.800000
202306,"Xinjiang",94.900000,97,98.600000,98.400000
202306,"Tibet",100,100,77.200000,75.500000
202306,"Guangdong",99.900000,99.800000,99.900000,99.900000
202306,"Guangxi",100,100,100,100
202306,"Hainan",100,100,100,100
202306,"Guizhou",99.900000,99.600000,99.600000,99.400000
202306,"Yunnan",100,100,99.900000,99.800000
202307,"National",98.400000,97,98.700000,98.300000
202307,"Beijing",100,99.800000,100,100
202307,"Tianjin",100,99.900000,100,100
202307,"Hebei",98.500000,94.300000,99.300000,97
202307,"Shanxi",99.800000,98.700000,99.900000,99.300000
202307,"Shandong",99.900000,98.500000,100,99.300000
202307,"Inner Mongolia West",95.900000,91.700000,97.900000,95.600000
202307,"Inner Mongolia East",94.900000,90.500000,99.900000,98.900000
202307,"Liaoning",99.900000,97.900000,99.900000,99.200000
202307,"Jilin",98.400000,96,99,96.800000
202307,"Heilongjiang",99.500000,98.600000,99.900000,99
202307,"Shanghai",100,100,100,100
202307,"Jiangsu",100,100,100,100
202307,"Zhejiang",100,100,100,100
202307,"Anhui",100,100,100,100
202307,"Fujian",100,100,100,100
202307,"Jiangxi",100,100,100,100
202307,"Henan",99.100000,97,99.200000,98.200000
202307,"Hubei",99.900000,100,99.200000,99.300000
202307,"Hunan",100,99.500000,100,100
202307,"Chongqing",100,100,100,100
202307,"Sichuan",100,100,100,100
202307,"Shaanxi",98.800000,98,99,97.900000
202307,"Gansu",95.700000,94.700000,98.100000,97.800000
202307,"Qinghai",94.900000,95.100000,86.600000,91.800000
202307,"Ningxia",99.100000,97.600000,99.400000,97.300000
202307,"Xinjiang",96.400000,96.900000,97.800000,98.300000
202307,"Tibet",100,100,79.300000,76.100000
202307,"Guangdong",98.200000,99.700000,99.800000,99.900000
202307,"Guangxi",100,100,100,100
202307,"Hainan",100,100,100,100
202307,"Guizhou",99.900000,99.700000,99.700000,99.400000
202307,"Yunnan",100,100,99.800000,99.800000
202308,"National",97.800000,97,98.800000,98.300000
202308,"Beijing",100,99.800000,100,100
202308,"Tianjin",100,100,100,100
202308,"Hebei",99.600000,94.700000,99.700000,97.400000
202308,"Shanxi",100,98.700000,100,99.400000
202308,"Shandong",100,98.600000,100,99.400000
202308,"Inner Mongolia West",98.200000,92.200000,99.200000,96.100000
202308,"Inner Mongolia East",97,91,99.800000,99
202308,"Liaoning",99.600000,98,100,99.300000
202308,"Jilin",99,96.200000,99.300000,97.100000
202308,"Heilongjiang",100,98.700000,100,99.100000
202308,"Shanghai",100,100,100,100
202308,"Jiangsu",100,100,100,100
202308,"Zhejiang",100,100,100,100
202308,"Anhui",100,100,100,100
202308,"Fujian",100,100,100,100
202308,"Jiangxi",99.800000,100,99.900000,99.900000
202308,"Henan",93,96.800000,99.600000,98.400000
202308,"Hubei",93.100000,99.400000,98.500000,99.200000
202308,"Hunan",100,99.500000,100,100
202308,"Chongqing",100,100,100,100
202308,"Sichuan",100,100,100,100
202308,"Shaanxi",99.600000,98.100000,99.200000,98.100000
202308,"Gansu",93.700000,94.600000,96.800000,97.600000
202308,"Qinghai",94.900000,95.100000,88.900000,91.400000
202308,"Ningxia",99.600000,97.800000,98.500000,97.500000
202308,"Xinjiang",95,96.600000,95.900000,98
202308,"Tibet",100,100,80.300000,76.600000
202308,"Guangdong",100,99.700000,100,99.900000
202308,"Guangxi",100,100,100,100
202308,"Hainan",100,100,100,100
202308,"Guizhou",100,99.700000,99.400000,99.400000
202308,"Yunnan",100,100,99.900000,99.800000
202309,"National",97.300000,97.100000,98.200000,98.300000
202309,"Beijing",100,99.800000,100,100
202309,"Tianjin",100,100,100,100
202309,"Hebei",99.400000,95,99.500000,97.600000
202309,"Shanxi",99.700000,98.800000,99.900000,99.500000
202309,"Shandong",99.100000,98.700000,99.700000,99.500000
202309,"Inner Mongolia West",98.200000,92.200000,98.300000,96.300000
202309,"Inner Mongolia East",94.600000,91.300000,97.400000,98.800000
202309,"Liaoning",97.900000,98,99.500000,99.300000
202309,"Jilin",97.100000,96.300000,97.100000,97.100000
202309,"Heilongjiang",98.100000,98.700000,98.800000,99.100000
202309,"Shanghai",100,100,100,100
202309,"Jiangsu",100,100,100,100
202309,"Zhejiang",100,100,100,100
202309,"Anhui",100,100,100,100
202309,"Fujian",100,100,100,100
202309,"Jiangxi",100,100,100,100
202309,"Henan",99.100000,96.900000,99.700000,98.600000
202309,"Hubei",98.400000,99.300000,97.600000,99
202309,"Hunan",100,99.600000,100,100
202309,"Chongqing",100,100,100,100
202309,"Sichuan",100,100,100,100
202309,"Shaanxi",97.700000,98.100000,97.400000,98
202309,"Gansu",96,94.700000,97.200000,97.600000
202309,"Qinghai",95.400000,95.100000,89.700000,91.200000
202309,"Ningxia",97.700000,97.800000,94.300000,97.100000
202309,"Xinjiang",89.100000,95.700000,92.700000,97.200000
202309,"Tibet",100,100,85.300000,77.700000
202309,"Guangdong",99.900000,99.700000,100,99.900000
202309,"Guangxi",100,100,100,100
202309,"Hainan",100,100,100,100
202309,"Guizhou",99.900000,99.700000,99.500000,99.400000
202309,"Yunnan",100,100,99,99.700000
202310,"National",98,97.100000,97.500000,98.200000
202310,"Beijing",100,99.800000,100,100
202310,"Tianjin",100,100,100,100
202310,"Hebei",98.600000,95.300000,99.200000,97.800000
202310,"Shanxi",99.800000,98.900000,99.900000,99.500000
202310,"Shandong",98.500000,98.600000,99.300000,99.500000
202310,"Inner Mongolia West",97,92.900000,98.500000,96.600000
202310,"Inner Mongolia East",95.400000,91.700000,97.500000,98.700000
202310,"Liaoning",97.500000,98,99,99.300000
202310,"Jilin",94.200000,96.100000,97,97.100000
202310,"Heilongjiang",98.300000,98.600000,98.700000,99
202310,"Shanghai",100,100,100,100
202310,"Jiangsu",100,100,100,100
202310,"Zhejiang",100,100,100,100
202310,"Anhui",100,100,100,100
202310,"Fujian",100,100,100,100
202310,"Jiangxi",100,100,99.600000,99.900000
202310,"Henan",98.700000,97.100000,97.100000,98.400000
202310,"Hubei",98.300000,99.300000,93.700000,98.400000
202310,"Hunan",100,99.600000,100,100
202310,"Chongqing",100,100,100,100
202310,"Sichuan",100,100,100,100
202310,"Shaanxi",97.800000,98.100000,90.700000,97.300000
202310,"Gansu",95.100000,94.800000,93.200000,97
202310,"Qinghai",94.800000,95.100000,92.600000,91.400000
202310,"Ningxia",98.800000,97.900000,92.400000,96.600000
202310,"Xinjiang",95.400000,95.700000,93.200000,96.700000
202310,"Tibet",100,100,81.100000,78.400000
202310,"Guangdong",99.600000,99.700000,99.900000,99.900000
202310,"Guangxi",100,100,100,100
202310,"Hainan",100,100,100,100
202310,"Guizhou",99.700000,99.700000,99.400000,99.400000
202310,"Yunnan",99.900000,100,98,99.500000
202311,"National",96.700000,97.100000,96.900000,98.100000
202311,"Beijing",100,99.900000,100,100
202311,"Tianjin",99.900000,100,99.900000,100
202311,"Hebei",93.700000,95.100000,96.700000,97.700000
202311,"Shanxi",98.900000,98.900000,95.900000,99.200000
202311,"Shandong",94,98.100000,97.700000,99.300000
202311,"Inner Mongolia West",93.800000,93,96.400000,96.500000
202311,"Inner Mongolia East",94.700000,92.100000,98.200000,98.600000
202311,"Liaoning",99.100000,98.100000,99.900000,99.300000
202311,"Jilin",95.400000,96,98.400000,97.200000
202311,"Heilongjiang",99.100000,98.700000,98.500000,99
202311,"Shanghai",100,100,100,100
202311,"Jiangsu",100,100,100,100
202311,"Zhejiang",100,100,100,100
202311,"Anhui",100,100,100,100
202311,"Fujian",100,100,100,100
202311,"Jiangxi",100,100,99.900000,99.900000
202311,"Henan",95.800000,96.900000,95.300000,98.200000
202311,"Hubei",99.600000,99.300000,98,98.400000
202311,"Hunan",99.700000,99.600000,100,100
202311,"Chongqing",100,100,100,100
202311,"Sichuan",100,100,100,100
202311,"Shaanxi",93.400000,97.600000,94.300000,97
202311,"Gansu",96,94.900000,90.200000,96.300000
202311,"Qinghai",87.100000,94.300000,88.500000,91.100000
202311,"Ningxia",97.400000,97.800000,96.200000,96.600000
202311,"Xinjiang",95.400000,95.700000,96.200000,96.700000
202311,"Tibet",100,100,77.100000,78.300000
202311,"Guangdong",99.500000,99.700000,99.600000,99.900000
202311,"Guangxi",100,100,100,100
202311,"Hainan",98.800000,99.900000,97.700000,99.700000
202311,"Guizhou",99.600000,99.700000,99.100000,99.400000
202311,"Yunnan",100,100,99,99.400000
202312,"National",97,97.300000,97.100000,98
202312,"Beijing",100,99.900000,100,100
202312,"Tianjin",100,100,100,100
202312,"Hebei",91.300000,94.300000,95.900000,97.500000
202312,"Shanxi",99.500000,98.900000,95.800000,98.900000
202312,"Shandong",94,97.600000,98.700000,99.300000
202312,"Inner Mongolia West",94.800000,93.200000,97.400000,96.600000
202312,"Inner Mongolia East",96.200000,96.700000,98.900000,98.700000
202312,"Liaoning",96.900000,98,98.400000,99.300000
202312,"Jilin",96.100000,96,95.800000,97.100000
202312,"Heilongjiang",98.200000,98.600000,99.800000,99.100000
202312,"Shanghai",100,100,100,100
202312,"Jiangsu",100,100,100,100
202312,"Zhejiang",100,100,100,100
202312,"Anhui",100,100,100,100
202312,"Fujian",100,100,100,100
202312,"Jiangxi",100,100,100,99.900000
202312,"Henan",95.800000,96.800000,96.800000,97.700000
202312,"Hubei",99.700000,99,98.500000,98.300000
202312,"Hunan",100,99.700000,100,100
202312,"Chongqing",100,100,100,100
202312,"Sichuan",100,100,100,100
202312,"Shaanxi",93.600000,96.800000,97.300000,96.500000
202312,"Gansu",96.200000,95,83.200000,95
202312,"Qinghai",92.800000,94.200000,95.500000,91.400000
202312,"Ningxia",97,97.800000,95,96.400000
202312,"Xinjiang",97.400000,95.800000,99.100000,96.900000
202312,"Tibet",100,100,75.200000,78
202312,"Guangdong",99.600000,99.600000,99.900000,99.900000
202312,"Guangxi",100,100,100,100
202312,"Hainan",100,99.900000,100,99.800000
202312,"Guizhou",99.600000,99.700000,99.300000,99.400000
202312,"Yunnan",99.900000,100,99.300000,99.400000
202401,"National",98.300000,98.300000,98,98
202401,"Beijing",100,100,100,100
202401,"Tianjin",100,100,100,100
202401,"Hebei",97.100000,97.100000,97.800000,97.800000
202401,"Shanxi",99.700000,99.700000,96.300000,96.300000
202401,"Shandong",98.600000,98.600000,99.400000,99.400000
202401,"Inner Mongolia West",97.100000,97.100000,96.400000,96.400000
202401,"Inner Mongolia East",96.800000,96.800000,99.100000,99.100000
202401,"Liaoning",97.300000,97.300000,98.700000,98.700000
202401,"Jilin",96.200000,96.200000,95,95
202401,"Heilongjiang",99.800000,99.800000,99.700000,99.700000
202401,"Shanghai",100,100,100,100
202401,"Jiangsu",100,100,100,100
202401,"Zhejiang",100,100,100,100
202401,"Anhui",100,100,100,100
202401,"Fujian",100,100,100,100
202401,"Jiangxi",100,100,99.900000,99.900000
202401,"Henan",98.100000,98.100000,97.700000,97.700000
202401,"Hubei",100,100,99.300000,99.300000
202401,"Hunan",100,100,100,100
202401,"Chongqing",100,100,100,100
202401,"Sichuan",100,100,100,100
202401,"Shaanxi",97.600000,97.600000,97.700000,97.700000
202401,"Gansu",91.900000,91.900000,92.900000,92.900000
202401,"Qinghai",94.500000,94.500000,93.100000,93.100000
202401,"Ningxia",98.900000,98.900000,98.700000,98.700000
202401,"Xinjiang",97.400000,97.400000,97.900000,97.900000
202401,"Tibet",100,100,74.100000,74.100000
202401,"Guangdong",100,100,99.500000,99.500000
202401,"Guangxi",100,100,100,100
202401,"Hainan",100,100,99.200000,99.200000
202401,"Guizhou",100,100,99.400000,99.400000
202401,"Yunnan",99.900000,99.900000,98.900000,98.900000
202402,"National",93.700000,96,93.400000,95.700000
202402,"Beijing",94.900000,98,98.600000,99.200000
202402,"Tianjin",95.300000,98.100000,93.600000,96.800000
202402,"Hebei",84,91.300000,87.400000,92.600000
202402,"Shanxi",95.900000,98.200000,94.400000,95.500000
202402,"Shandong",90.100000,93.800000,90.800000,95.100000
202402,"Inner Mongolia West",90.300000,94.100000,88.600000,92.500000
202402,"Inner Mongolia East",87.800000,92.500000,97.800000,98.400000
202402,"Liaoning",91,94.200000,94.100000,96.300000
202402,"Jilin",82.900000,90.300000,94.700000,94.800000
202402,"Heilongjiang",91.200000,95.600000,91.500000,95.100000
202402,"Shanghai",100,100,100,100
202402,"Jiangsu",99.500000,99.700000,98.600000,99.300000
202402,"Zhejiang",100,100,100,100
202402,"Anhui",99.400000,99.700000,98.600000,99.400000
202402,"Fujian",100,100,100,100
202402,"Jiangxi",97.900000,98.800000,87.500000,94.400000
202402,"Henan",89.100000,93.800000,95.100000,96.500000
202402,"Hubei",97.100000,98.400000,88.300000,94.400000
202402,"Hunan",93.900000,96.700000,99.500000,99.700000
202402,"Chongqing",100,100,100,100
202402,"Sichuan",100,100,100,100
202402,"Shaanxi",94.200000,96,89.700000,94.200000
202402,"Gansu",91.200000,91.600000,93.200000,93
202402,"Qinghai",92.400000,93.300000,89.700000,91.500000
202402,"Ningxia",97.700000,98.300000,92.200000,95.900000
202402,"Xinjiang",95.900000,96.600000,95.100000,96.400000
202402,"Tibet",100,100,70.900000,72.500000
202402,"Guangdong",99.600000,99.700000,99.800000,99.900000
202402,"Guangxi",100,100,100,100
202402,"Hainan",100,100,97.800000,98.700000
202402,"Guizhou",98.900000,99.100000,97.400000,98
202402,"Yunnan",97.800000,98.700000,94.200000,96.400000
202403,"National",96.300000,96.100000,96.400000,96
202403,"Beijing",96.400000,97.500000,99.400000,99.200000
202403,"Tianjin",99.800000,98.800000,99.400000,98
202403,"Hebei",94.800000,92.700000,94,93.200000
202403,"Shanxi",97.900000,98.100000,97.900000,96.500000
202403,"Shandong",96.100000,94.700000,98.400000,96.600000
202403,"Inner Mongolia West",94.200000,94.100000,92.200000,92.400000
202403,"Inner Mongolia East",94.200000,93.100000,96.700000,97.700000
202403,"Liaoning",95.600000,94.700000,95.700000,96.500000
202403,"Jilin",93.900000,91.700000,97.300000,95.900000
202403,"Heilongjiang",95.400000,95.500000,96.400000,95.600000
202403,"Shanghai",100,100,100,100
202403,"Jiangsu",100,99.800000,100,99.700000
202403,"Zhejiang",100,100,100,100
202403,"Anhui",100,99.800000,100,99.700000
202403,"Fujian",100,100,100,100
202403,"Jiangxi",99.900000,99.200000,99.500000,96.600000
202403,"Henan",93.400000,93.600000,94.600000,95.700000
202403,"Hubei",98.700000,98.500000,95,94.700000
202403,"Hunan",99.400000,97.800000,99.800000,99.800000
202403,"Chongqing",100,100,100,100
202403,"Sichuan",100,100,100,100
202403,"Shaanxi",94.600000,95.400000,94.100000,94.100000
202403,"Gansu",91.100000,91.400000,90.600000,92.100000
202403,"Qinghai",92.400000,92.900000,90.800000,91.200000
202403,"Ningxia",96.900000,97.700000,96.300000,96.100000
202403,"Xinjiang",93.500000,95.400000,95.400000,96
202403,"Tibet",97.400000,98.800000,69.200000,71.300000
202403,"Guangdong",99.600000,99.700000,99.800000,99.900000
202403,"Guangxi",100,100,100,100
202403,"Hainan",99.500000,99.800000,99.100000,98.900000
202403,"Guizhou",99.500000,99.300000,98.700000,98.300000
202403,"Yunnan",99.500000,98.900000,97.300000,96.800000
202404,"National",96.100000,96.100000,97.100000,96.300000
202404,"Beijing",98.600000,97.700000,99.800000,99.400000
202404,"Tianjin",99.900000,99.200000,99.700000,98.500000
202404,"Hebei",94.900000,93.200000,97.100000,94.400000
202404,"Shanxi",99.900000,98.500000,99.900000,97.500000
202404,"Shandong",98.500000,95.600000,99.300000,97.500000
202404,"Inner Mongolia West",93.600000,94,93,92.600000
202404,"Inner Mongolia East",91.900000,92.800000,96.600000,97.400000
202404,"Liaoning",92.500000,94.100000,94.100000,95.800000
202404,"Jilin",91.800000,91.700000,96.400000,96
202404,"Heilongjiang",95.300000,95.400000,96,95.700000
202404,"Shanghai",100,100,100,100
202404,"Jiangsu",100,99.800000,100,99.800000
202404,"Zhejiang",100,100,100,100
202404,"Anhui",100,99.900000,100,99.800000
202404,"Fujian",100,100,100,100
202404,"Jiangxi",100,99.400000,99.900000,97.400000
202404,"Henan",97.800000,94.600000,97.400000,96.300000
202404,"Hubei",99.500000,98.800000,97.600000,95.500000
202404,"Hunan",92.200000,96.500000,96,98.700000
202404,"Chongqing",100,100,100,100
202404,"Sichuan",100,100,98.200000,99.500000
202404,"Shaanxi",95.800000,95.500000,96,94.700000
202404,"Gansu",94.100000,92.200000,88.700000,91.100000
202404,"Qinghai",92.300000,92.700000,92.200000,91.500000
202404,"Ningxia",99,98,97.300000,96.400000
202404,"Xinjiang",93.100000,94.700000,93.600000,95.300000
202404,"Tibet",92.700000,96.900000,73.300000,71.800000
202404,"Guangdong",98.100000,99.300000,99.600000,99.800000
202404,"Guangxi",99.900000,100,99.800000,100
202404,"Hainan",100,99.900000,100,99.200000
202404,"Guizhou",99.400000,99.300000,98.800000,98.500000
202404,"Yunnan",99.300000,99,97,96.800000
202405,"National",94.800000,95.900000,97.500000,96.700000
202405,"Beijing",98.100000,97.800000,99.800000,99.500000
202405,"Tianjin",99.700000,99.300000,99.700000,98.800000
202405,"Hebei",93.300000,93.200000,96.300000,94.900000
202405,"Shanxi",99.600000,98.700000,99.900000,98.100000
202405,"Shandong",95.400000,95.500000,98.700000,97.800000
202405,"Inner Mongolia West",92.200000,93.600000,96.500000,93.500000
202405,"Inner Mongolia East",89.100000,92,95.800000,97.100000
202405,"Liaoning",88.400000,92.800000,93.100000,95.100000
202405,"Jilin",89.300000,91.200000,95.900000,96
202405,"Heilongjiang",88.700000,94,93.400000,95.200000
202405,"Shanghai",100,100,100,100
202405,"Jiangsu",100,99.900000,100,99.800000
202405,"Zhejiang",100,100,100,100
202405,"Anhui",100,99.900000,100,99.800000
202405,"Fujian",100,100,100,100
202405,"Jiangxi",99.700000,99.500000,98.900000,97.900000
202405,"Henan",95.800000,94.800000,97,96.500000
202405,"Hubei",99,98.800000,98,96.200000
202405,"Hunan",95,96.300000,99.600000,99
202405,"Chongqing",100,100,100,100
202405,"Sichuan",100,100,100,99.600000
202405,"Shaanxi",96,95.600000,96.600000,95.200000
202405,"Gansu",97.500000,93.500000,93.300000,91.600000
202405,"Qinghai",94,93,90.700000,91.300000
202405,"Ningxia",98,98,97.300000,96.600000
202405,"Xinjiang",92.300000,94.100000,94.200000,95
202405,"Tibet",100,97.400000,78.400000,73.200000
202405,"Guangdong",99.900000,99.400000,99.900000,99.800000
202405,"Guangxi",100,100,100,100
202405,"Hainan",100,99.900000,100,99.400000
202405,"Guizhou",100,99.400000,100,98.800000
202405,"Yunnan",98.800000,99,96.800000,96.800000
202406,"National",97.600000,96.100000,98.300000,97
202406,"Beijing",100,97.900000,100,99.700000
202406,"Tianjin",100,99.400000,100,99.100000
202406,"Hebei",95.200000,93.500000,98.700000,95.600000
202406,"Shanxi",99.700000,98.800000,100,98.500000
202406,"Shandong",99.800000,96.100000,99.900000,98.200000
202406,"Inner Mongolia West",95.800000,94,98.300000,94.400000
202406,"Inner Mongolia East",97,92.600000,98.500000,97.300000
202406,"Liaoning",98.300000,93.600000,99.400000,96
202406,"Jilin",97.400000,92.100000,99.200000,96.600000
202406,"Heilongjiang",97.500000,94.400000,98.700000,95.800000
202406,"Shanghai",100,100,100,100
202406,"Jiangsu",100,99.900000,100,99.900000
202406,"Zhejiang",100,100,100,100
202406,"Anhui",100,99.900000,100,99.900000
202406,"Fujian",100,100,100,100
202406,"Jiangxi",100,99.600000,99.900000,98.200000
202406,"Henan",99.700000,95.500000,99.900000,97.300000
202406,"Hubei",99.500000,98.900000,99.300000,96.800000
202406,"Hunan",92.100000,95.600000,97.700000,98.700000
202406,"Chongqing",100,100,100,100
202406,"Sichuan",100,100,100,99.700000
202406,"Shaanxi",97.700000,96,98.300000,95.900000
202406,"Gansu",96,93.900000,92,91.700000
202406,"Qinghai",92.900000,93,90.700000,91.200000
202406,"Ningxia",99.200000,98.200000,99.300000,97.100000
202406,"Xinjiang",95.300000,94.300000,94.500000,94.900000
202406,"Tibet",100,97.700000,64.600000,71.700000
202406,"Guangdong",99.700000,99.500000,99.900000,99.800000
202406,"Guangxi",100,100,100,100
202406,"Hainan",100,99.900000,100,99.500000
202406,"Guizhou",100,99.500000,99.500000,98.900000
202406,"Yunnan",99.800000,99.100000,98.200000,97
202407,"National",97.900000,96.300000,97.600000,97.100000
202407,"Beijing",100,98.100000,100,99.700000
202407,"Tianjin",100,99.400000,100,99.300000
202407,"Hebei",99,93.900000,99.400000,96.200000
202407,"Shanxi",100,98.900000,100,98.700000
202407,"Shandong",99.600000,96.500000,99.800000,98.500000
202407,"Inner Mongolia West",98.700000,94.400000,98.600000,95
202407,"Inner Mongolia East",98.100000,93.100000,99.600000,97.600000
202407,"Liaoning",99.400000,94.100000,100,96.600000
202407,"Jilin",98.500000,92.700000,99.600000,97
202407,"Heilongjiang",100,94.900000,100,96.400000
202407,"Shanghai",100,100,100,100
202407,"Jiangsu",100,99.900000,100,99.900000
202407,"Zhejiang",100,100,100,100
202407,"Anhui",100,99.900000,100,99.900000
202407,"Fujian",100,100,100,100
202407,"Jiangxi",99.900000,99.700000,99.800000,98.600000
202407,"Henan",98.600000,95.900000,99.400000,97.600000
202407,"Hubei",92.900000,97.400000,95.900000,96.600000
202407,"Hunan",94.700000,95.400000,99.400000,98.900000
202407,"Chongqing",100,100,100,100
202407,"Sichuan",99.900000,100,100,99.700000
202407,"Shaanxi",98.600000,96.200000,98,96.200000
202407,"Gansu",94.100000,93.900000,92.700000,91.900000
202407,"Qinghai",94.800000,93.200000,89.100000,90.900000
202407,"Ningxia",99.200000,98.300000,98.500000,97.400000
202407,"Xinjiang",93.800000,94.200000,91.500000,94.300000
202407,"Tibet",54.100000,94.100000,67.400000,71.100000
202407,"Guangdong",99.300000,99.400000,99.900000,99.900000
202407,"Guangxi",97.500000,99.600000,95.600000,99
202407,"Hainan",100,99.900000,100,99.600000
202407,"Guizhou",99.700000,99.600000,98.400000,98.800000
202407,"Yunnan",98,99,86.900000,95.500000
202408,"National",96.500000,96.400000,97.700000,97.200000
202408,"Beijing",100,98.200000,100,99.800000
202408,"Tianjin",100,99.500000,100,99.400000
202408,"Hebei",97.400000,94.200000,99.200000,96.600000
202408,"Shanxi",99.700000,99,100,98.900000
202408,"Shandong",99.400000,96.700000,99.900000,98.700000
202408,"Inner Mongolia West",97.800000,95.200000,98.500000,94.300000
202408,"Inner Mongolia East",99,93.500000,99.700000,97.900000
202408,"Liaoning",99.900000,94.400000,100,97
202408,"Jilin",99.500000,93.200000,100,97.400000
202408,"Heilongjiang",99.400000,95.200000,100,96.900000
202408,"Shanghai",100,100,100,100
202408,"Jiangsu",100,99.900000,100,99.900000
202408,"Zhejiang",100,100,100,100
202408,"Anhui",100,99.900000,100,99.900000
202408,"Fujian",100,100,100,100
202408,"Jiangxi",100,99.700000,100,98.900000
202408,"Henan",97.900000,96.100000,99.800000,98
202408,"Hubei",99.500000,97.600000,99.300000,97.200000
202408,"Hunan",99.900000,95.800000,100,99.100000
202408,"Chongqing",100,100,100,100
202408,"Sichuan",99.800000,100,99,99.600000
202408,"Shaanxi",93.900000,95.900000,96.600000,96.300000
202408,"Gansu",89.200000,93.200000,90.700000,91.700000
202408,"Qinghai",92.200000,93.100000,86.900000,90.400000
202408,"Ningxia",95.900000,98,95,97
202408,"Xinjiang",91.600000,93.900000,89.700000,93.600000
202408,"Tibet",54.600000,86.600000,70,70.900000
202408,"Guangdong",98.800000,99.400000,99.900000,99.900000
202408,"Guangxi",95.900000,99.400000,98,98.800000
202408,"Hainan",100,99.900000,100,99.700000
202408,"Guizhou",99.900000,99.600000,98.100000,98.700000
202408,"Yunnan",98,98.900000,94.700000,95.400000
202409,"National",96.800000,96.400000,97.900000,97.200000
202409,"Beijing",100,98.300000,100,99.800000
202409,"Tianjin",100,99.500000,100,99.400000
202409,"Hebei",95.600000,94.300000,98.400000,96.800000
202409,"Shanxi",99.200000,99,100,99
202409,"Shandong",98.500000,96.800000,99.600000,98.800000
202409,"Inner Mongolia West",97.400000,95.500000,98.900000,94.700000
202409,"Inner Mongolia East",95.100000,93.600000,98.500000,97.900000
202409,"Liaoning",97.900000,94.800000,97.900000,97.100000
202409,"Jilin",98,93.700000,99.200000,97.600000
202409,"Heilongjiang",97.200000,95.500000,98.200000,97
202409,"Shanghai",100,100,100,100
202409,"Jiangsu",99.200000,99.800000,99.800000,99.900000
202409,"Zhejiang",100,100,100,100
202409,"Anhui",100,99.900000,100,99.900000
202409,"Fujian",100,100,100,100
202409,"Jiangxi",99.900000,99.700000,99.800000,99
202409,"Henan",97.700000,96.300000,99.400000,98.100000
202409,"Hubei",99.400000,97.900000,98.900000,97.400000
202409,"Hunan",99.700000,96.200000,99.700000,99.200000
202409,"Chongqing",100,100,100,100
202409,"Sichuan",99.800000,100,97.700000,99.300000
202409,"Shaanxi",90.600000,95.100000,95.100000,96.100000
202409,"Gansu",98,93.800000,96.900000,92.100000
202409,"Qinghai",94.100000,93.200000,90.200000,90.300000
202409,"Ningxia",94.300000,97.500000,92.600000,96.700000
202409,"Xinjiang",88.300000,93.300000,87.500000,92.900000
202409,"Tibet",88.700000,86.700000,73.200000,71
202409,"Guangdong",99.300000,99.400000,100,99.900000
202409,"Guangxi",98.900000,99.300000,99.600000,98.900000
202409,"Hainan",100,99.900000,100,99.700000
202409,"Guizhou",99.800000,99.600000,96.500000,98.400000
202409,"Yunnan",99.700000,99,99.500000,96
202410,"National",96.200000,96.400000,95.800000,97.100000
202410,"Beijing",100,98.500000,99.900000,99.800000
202410,"Tianjin",99.600000,99.500000,99.600000,99.500000
202410,"Hebei",97,94.600000,95.300000,96.700000
202410,"Shanxi",99.300000,99.100000,99.900000,99.100000
202410,"Shandong",94,96.600000,96.400000,98.500000
202410,"Inner Mongolia West",94.900000,95.400000,95.400000,94.800000
202410,"Inner Mongolia East",91.700000,93.400000,95.100000,97.600000
202410,"Liaoning",96.700000,95,97.200000,97.100000
202410,"Jilin",95.400000,94,98.300000,97.700000
202410,"Heilongjiang",92.200000,95,94.800000,96.800000
202410,"Shanghai",100,100,100,100
202410,"Jiangsu",99.600000,99.800000,99.800000,99.900000
202410,"Zhejiang",100,100,100,100
202410,"Anhui",100,99.900000,100,99.900000
202410,"Fujian",100,100,100,100
202410,"Jiangxi",97.700000,99.400000,97,98.800000
202410,"Henan",96.400000,96.300000,97.900000,98.100000
202410,"Hubei",99.500000,98,97.300000,97.400000
202410,"Hunan",99.800000,96.700000,100,99.300000
202410,"Chongqing",100,100,100,100
202410,"Sichuan",99.800000,100,96,99.100000
202410,"Shaanxi",93.100000,94.800000,91.600000,95.700000
202410,"Gansu",92.900000,93.700000,87.600000,91.700000
202410,"Qinghai",91.600000,93.100000,88.600000,90.200000
202410,"Ningxia",97.800000,97.500000,88.300000,95.900000
202410,"Xinjiang",93.200000,93.300000,87.900000,92.400000
202410,"Tibet",65.300000,83.500000,65.500000,70.400000
202410,"Guangdong",99.300000,99.400000,99.900000,99.900000
202410,"Guangxi",95.500000,98.400000,96.400000,98.500000
202410,"Hainan",100,99.900000,100,99.900000
202410,"Guizhou",99.800000,99.600000,95.500000,98
202410,"Yunnan",99.900000,99.100000,99.600000,96.300000
202411,"National",95.800000,96.300000,96.200000,97
202411,"Beijing",98.300000,98.500000,99.800000,99.800000
202411,"Tianjin",98.800000,99.500000,98.600000,99.400000
202411,"Hebei",89.800000,94,94.100000,96.500000
202411,"Shanxi",98.500000,99,98.400000,99
202411,"Shandong",93.500000,96.400000,97.800000,98.500000
202411,"Inner Mongolia West",95.100000,95.400000,94.500000,94.700000
202411,"Inner Mongolia East",94.500000,93.500000,95.500000,97.500000
202411,"Liaoning",94.900000,95,97.500000,97.100000
202411,"Jilin",90.300000,93.500000,96.100000,97.600000
202411,"Heilongjiang",94.600000,95,94.400000,96.600000
202411,"Shanghai",100,100,100,100
202411,"Jiangsu",99.100000,99.700000,99.800000,99.900000
202411,"Zhejiang",100,100,100,100
202411,"Anhui",100,99.900000,100,99.900000
202411,"Fujian",100,100,100,100
202411,"Jiangxi",99.900000,99.500000,99.600000,98.900000
202411,"Henan",96.300000,96.300000,98.200000,98.100000
202411,"Hubei",99.400000,98.100000,98.600000,97.500000
202411,"Hunan",100,97,100,99.400000
202411,"Chongqing",100,100,100,100
202411,"Sichuan",97.700000,99.800000,94.800000,98.300000
202411,"Shaanxi",89.500000,94.300000,88,95.100000
202411,"Gansu",96.700000,93.900000,91.100000,91.600000
202411,"Qinghai",89.900000,92.800000,90.600000,90.200000
202411,"Ningxia",97.300000,97.500000,90,95.400000
202411,"Xinjiang",93.100000,93.300000,90.100000,92.200000
202411,"Tibet",77.100000,82.500000,65.200000,69.800000
202411,"Guangdong",100,99.500000,100,99.900000
202411,"Guangxi",97.700000,98.400000,99,98.600000
202411,"Hainan",100,99.900000,99.100000,99.800000
202411,"Guizhou",99.700000,99.600000,97.600000,98
202411,"Yunnan",99.900000,99.100000,98.700000,96.600000
202412,"National",95.300000,95.900000,95.100000,96.800000
202412,"Beijing",98.200000,98.400000,99.300000,99.800000
202412,"Tianjin",96.200000,99,94,99
202412,"Hebei",83.100000,92.600000,91.600000,96.100000
202412,"Shanxi",96.600000,98.700000,90.100000,98.200000
202412,"Shandong",96.600000,96.400000,98.400000,98.500000
202412,"Inner Mongolia West",91.900000,93.700000,84.300000,93.700000
202412,"Inner Mongolia East",96.900000,94,95.200000,97.300000
202412,"Liaoning",98.300000,95.300000,98.600000,97.200000
202412,"Jilin",94.100000,93.600000,96.700000,97.500000
202412,"Heilongjiang",97.300000,95.200000,97.800000,96.700000
202412,"Shanghai",100,100,100,100
202412,"Jiangsu",99.200000,99.700000,99.800000,99.900000
202412,"Zhejiang",100,100,100,100
202412,"Anhui",100,100,100,99.900000
202412,"Fujian",100,100,100,100
202412,"Jiangxi",99.900000,99.500000,99.800000,99
202412,"Henan",97.800000,96.400000,98.500000,98.100000
202412,"Hubei",99.700000,98.300000,98.800000,97.600000
202412,"Hunan",99.700000,97.200000,100,99.400000
202412,"Chongqing",100,100,100,100
202412,"Sichuan",98.600000,99.600000,96.500000,98.100000
202412,"Shaanxi",95.700000,94.400000,89,94.500000
202412,"Gansu",96.200000,94,87.600000,91.300000
202412,"Qinghai",92.300000,92.800000,91.600000,90.300000
202412,"Ningxia",98.800000,97.600000,93.300000,95.300000
202412,"Xinjiang",95.700000,93.400000,91.400000,92.200000
202412,"Tibet",84.600000,83,57.300000,68.600000
202412,"Guangdong",99.500000,99.500000,100,99.900000
202412,"Guangxi",97.500000,98.200000,99.200000,98.600000
202412,"Hainan",100,100,99.900000,99.800000
202412,"Guizhou",99.800000,99.600000,98.100000,98
202412,"Yunnan",99.100000,99.100000,97.600000,96.700000
202502,"National",92.900000,93.800000,93.400000,93.900000
202502,"Beijing",81.500000,88,98.300000,98.600000
202502,"Tianjin",95,95,91.900000,92.600000
202502,"Hebei",83,86.300000,87.700000,89
202502,"Shanxi",91.700000,94.400000,96.700000,97.300000
202502,"Shandong",89.500000,91.600000,94.500000,95.400000
202502,"Inner Mongolia West",89.500000,90.800000,83.400000,84.400000
202502,"Inner Mongolia East",90.600000,92.400000,88.300000,91.400000
202502,"Liaoning",96.900000,96.700000,97,97.700000
202502,"Jilin",92.800000,92.900000,94.500000,96.500000
202502,"Heilongjiang",91.600000,93.500000,89.600000,92.600000
202502,"Shanghai",100,100,100,100
202502,"Jiangsu",99.100000,98.400000,99.800000,99.700000
202502,"Zhejiang",100,100,100,100
202502,"Anhui",99.700000,99.600000,99.700000,99.600000
202502,"Fujian",100,100,100,100
202502,"Jiangxi",99.800000,99.500000,98.600000,97.600000
202502,"Henan",96.200000,96.500000,98,98.200000
202502,"Hubei",98.700000,98.700000,95.400000,94.100000
202502,"Hunan",100,99.900000,100,100
202502,"Chongqing",100,100,100,100
202502,"Sichuan",98.800000,98.200000,97.700000,97.600000
202502,"Shaanxi",91.600000,92.600000,89.200000,89
202502,"Gansu",91.800000,93.300000,86,86.600000
202502,"Qinghai",92.600000,92.200000,88.200000,90.300000
202502,"Ningxia",94.500000,95.400000,92.100000,91.400000
202502,"Xinjiang",94.200000,94.200000,91.900000,90.600000
202502,"Tibet",74.700000,72.500000,70,67.800000
202502,"Guangdong",98.400000,97.600000,99.900000,99.700000
202502,"Guangxi",96.600000,95.100000,97.400000,96.100000
202502,"Hainan",99.400000,99.700000,97.200000,96.700000
202502,"Guizhou",98.900000,99.300000,97.300000,96.700000
202502,"Yunnan",97.300000,97.100000,93.700000,95
202503,"National",92.800000,93.400000,93.600000,93.800000
202503,"Beijing",79,85.300000,97.700000,98.100000
202503,"Tianjin",97.900000,96.300000,93.400000,92.900000
202503,"Hebei",88.200000,87,89,89
202503,"Shanxi",93.900000,94.200000,98.500000,97.800000
202503,"Shandong",91.800000,91.800000,94.600000,95.100000
202503,"Inner Mongolia West",88.700000,90,86.100000,85
202503,"Inner Mongolia East",90,91.600000,91.900000,91.600000
202503,"Liaoning",93,95.200000,94.800000,96.600000
202503,"Jilin",91.100000,92.200000,96.500000,96.500000
202503,"Heilongjiang",92.500000,93.200000,94.900000,93.500000
202503,"Shanghai",100,100,100,100
202503,"Jiangsu",97.400000,97.900000,98.600000,99.300000
202503,"Zhejiang",100,100,100,100
202503,"Anhui",98.300000,99.100000,97.500000,98.700000
202503,"Fujian",100,100,100,100
202503,"Jiangxi",99.300000,99.400000,96.800000,97.300000
202503,"Henan",96.100000,96.400000,97,97.700000
202503,"Hubei",99.500000,99,95.700000,94.700000
202503,"Hunan",98.500000,99.400000,99.600000,99.900000
202503,"Chongqing",100,100,100,100
202503,"Sichuan",99.300000,98.600000,98.900000,98.200000
202503,"Shaanxi",94.600000,93.400000,86.700000,88.100000
202503,"Gansu",90,92,89.200000,87.600000
202503,"Qinghai",89.800000,91.200000,83.300000,87.600000
202503,"Ningxia",94.900000,95.200000,92.400000,91.800000
202503,"Xinjiang",87.900000,91.700000,90.100000,90.400000
202503,"Tibet",63.300000,69.600000,68.600000,68.100000
202503,"Guangdong",98.500000,97.800000,99.800000,99.700000
202503,"Guangxi",97.100000,95.900000,91.700000,94.600000
202503,"Hainan",97.500000,98.900000,92.800000,95.200000
202503,"Guizhou",98,98.700000,91.900000,94.400000
202503,"Yunnan",97.300000,97.200000,93.800000,94.500000
202504,"National",92.400000,93.200000,94,93.900000
202504,"Beijing",95.900000,87.500000,98.600000,98.300000
202504,"Tianjin",96.300000,96.300000,91.500000,92.400000
202504,"Hebei",89.900000,87.700000,90.800000,89.500000
202504,"Shanxi",93.700000,94.100000,98.400000,98
202504,"Shandong",92.600000,92,94.200000,94.800000
202504,"Inner Mongolia West",92.100000,90.600000,88.300000,86
202504,"Inner Mongolia East",88.800000,90.900000,90,91.200000
202504,"Liaoning",93.600000,94.800000,96.700000,96.700000
202504,"Jilin",88.700000,91.400000,95.100000,96.200000
202504,"Heilongjiang",89.100000,92.100000,92,93.100000
202504,"Shanghai",100,100,100,100
202504,"Jiangsu",95.500000,97.300000,97.900000,98.800000
202504,"Zhejiang",100,100,100,100
202504,"Anhui",97.400000,98.600000,96.300000,97.900000
202504,"Fujian",100,100,100,100
202504,"Jiangxi",99.400000,99.400000,97.500000,97.400000
202504,"Henan",95.100000,96,97.300000,97.600000
202504,"Hubei",99.100000,99,97.700000,95.700000
202504,"Hunan",98.900000,99.300000,99.600000,99.800000
202504,"Chongqing",100,100,100,100
202504,"Sichuan",99.700000,98.800000,99.600000,98.600000
202504,"Shaanxi",95,93.900000,88.100000,88.100000
202504,"Gansu",93.900000,92.500000,91.900000,88.800000
202504,"Qinghai",94.300000,92.100000,81.900000,86
202504,"Ningxia",93.600000,94.700000,93,92.100000
202504,"Xinjiang",88.900000,90.700000,88,89.700000
202504,"Tibet",64.400000,68.800000,67.800000,68
202504,"Guangdong",99.900000,98.100000,99.900000,99.800000
202504,"Guangxi",98.200000,96.400000,94.200000,94.400000
202504,"Hainan",98.700000,98.900000,96.300000,95.600000
202504,"Guizhou",99.600000,99,98.500000,96.200000
202504,"Yunnan",98.400000,97.500000,96.300000,95
202505,"National",93.200000,93.200000,94.200000,94
202505,"Beijing",97.300000,88.500000,99.600000,98.600000
202505,"Tianjin",99,96.800000,98,94
202505,"Hebei",93.800000,88.800000,92.400000,90.200000
202505,"Shanxi",95,94.200000,98.100000,98
202505,"Shandong",93.100000,92.300000,94.900000,94.800000
202505,"Inner Mongolia West",94.800000,91.400000,91.400000,87.200000
202505,"Inner Mongolia East",90.600000,90.800000,88.700000,90.600000
202505,"Liaoning",90.400000,93.900000,94.800000,96.200000
202505,"Jilin",90.300000,91.200000,94.300000,95.700000
202505,"Heilongjiang",89.600000,91.600000,92.900000,93
202505,"Shanghai",100,100,100,100
202505,"Jiangsu",95.100000,96.800000,97.800000,98.500000
202505,"Zhejiang",100,100,100,100
202505,"Anhui",97.300000,98.300000,96.100000,97.400000
202505,"Fujian",100,100,100,100
202505,"Jiangxi",98.700000,99.200000,96.200000,97
202505,"Henan",95.500000,95.900000,97.900000,97.700000
202505,"Hubei",98.700000,99,96.100000,95.800000
202505,"Hunan",94.300000,98.200000,98,99.300000
202505,"Chongqing",100,100,100,100
202505,"Sichuan",99.200000,98.900000,99.600000,98.900000
202505,"Shaanxi",91.600000,93.400000,92.400000,89.100000
202505,"Gansu",88.900000,91.600000,89,88.900000
202505,"Qinghai",93.200000,92.400000,82.700000,85.200000
202505,"Ningxia",92.900000,94.300000,93.200000,92.400000
202505,"Xinjiang",88.200000,90,84.700000,88.500000
202505,"Tibet",75,69.600000,64.700000,67.300000
202505,"Guangdong",99.100000,98.300000,99.600000,99.700000
202505,"Guangxi",97,96.500000,96.200000,94.900000
202505,"Hainan",99.500000,99,98.300000,96.300000
202505,"Guizhou",99.100000,99,96.500000,96.300000
202505,"Yunnan",98.100000,97.500000,95.300000,95.100000
