"yymmdd","Coal","Other"
130102,,
130103,,
130104,,
130105,,
130106,,
130107,,
130108,,
130109,,
130110,,
130111,,
130112,,
130113,,
130114,,
130115,,
130116,,
130117,,
130118,,
130119,,
130120,,
130121,,
130122,,
130123,,
130124,,
130125,,
130126,,
130127,,
130128,,
130129,,
130130,,
130131,,
130201,,
130202,,
130203,,
130204,,
130205,,
130206,,
130207,,
130208,,
130209,,
130210,,
130211,,
130212,,
130213,,
130214,,
130215,,
130216,,
130217,,
130218,,
130219,,
130220,,
130221,,
130222,,
130223,,
130224,,
130225,,
130226,,
130227,,
130228,,
130301,,
130302,,
130303,,
130304,,
130305,,
130306,,
130307,,
130308,,
130309,,
130310,,
130311,,
130312,,
130313,,
130314,,
130315,,
130316,,
130317,,
130318,,
130319,,
130320,,
130321,,
130322,,
130323,,
130324,,
130325,,
130326,,
130327,,
130328,,
130329,,
130330,,
130331,,
130401,,
130402,,
130403,,
130404,,
130405,,
130406,,
130407,,
130408,,
130409,,
130410,,
130411,,
130412,,
130413,,
130414,,
130415,,
130416,,
130417,,
130418,,
130419,,
130420,,
130421,,
130422,,
130423,,
130424,,
130425,,
130426,,
130427,,
130428,,
130429,,
130430,,
130501,,
130502,,
130503,,
130504,,
130505,,
130506,,
130507,,
130508,,
130509,,
130510,,
130511,,
130512,,
130513,,
130514,,
130515,,
130516,,
130517,,
130518,,
130519,,
130520,,
130521,,
130522,,
130523,,
130524,,
130525,,
130526,,
130527,,
130528,,
130529,,
130530,,
130531,,
130601,,
130602,,
130603,,
130604,,
130605,,
130606,,
130607,,
130608,,
130609,,
130610,,
130611,,
130612,,
130613,,
130614,,
130615,,
130616,,
130617,,
130618,,
130619,,
130620,,
130621,,
130622,,
130623,,
130624,,
130625,,
130626,,
130627,,
130628,,
130629,,
130630,,
130701,,
130702,,
130703,,
130704,,
130705,,
130706,,
130707,,
130708,,
130709,,
130710,,
130711,,
130712,,
130713,,
130714,,
130715,,
130716,,
130717,,
130718,,
130719,,
130720,,
130721,,
130722,,
130723,,
130724,,
130725,,
130726,,
130727,,
130728,,
130729,,
130730,,
130731,,
130801,,
130802,,
130803,,
130804,,
130805,,
130806,,
130807,,
130808,,
130809,,
130810,,
130811,,
130812,,
130813,,
130814,,
130815,,
130816,,
130817,,
130818,,
130819,,
130820,,
130821,,
130822,,
130823,,
130824,,
130825,,
130826,,
130827,,
130828,,
130829,,
130830,,
130831,,
130901,,
130902,,
130903,,
130904,,
130905,,
130906,,
130907,,
130908,,
130909,,
130910,,
130911,,
130912,,
130913,,
130914,,
130915,,
130916,,
130917,,
130918,,
130919,,
130920,,
130921,,
130922,,
130923,,
130924,,
130925,,
130926,,
130927,,
130928,,
130929,,
130930,,
131001,,
131002,,
131003,,
131004,,
131005,,
131006,,
131007,,
131008,,
131009,,
131010,,
131011,,
131012,,
131013,,
131014,,
131015,,
131016,,
131017,,
131018,,
131019,,
131020,,
131021,,
131022,,
131023,,
131024,,
131025,,
131026,,
131027,,
131028,,
131029,,
131030,,
131031,,
131101,,
131102,,
131103,,
131104,,
131105,,
131106,,
131107,,
131108,,
131109,,
131110,,
131111,,
131112,,
131113,,
131114,,
131115,,
131116,,
131117,,
131118,,
131119,,
131120,,
131121,,
131122,,
131123,,
131124,,
131125,,
131126,,
131127,,
131128,,
131129,,
131130,,
131201,,
131202,,
131203,,
131204,,
131205,,
131206,,
131207,,
131208,,
131209,,
131210,,
131211,,
131212,,
131213,,
131214,,
131215,,
131216,,
131217,,
131218,,
131219,,
131220,,
131221,,
131222,,
131223,,
131224,,
131225,,
131226,,
131227,,
131228,,
131229,,
131230,,
131231,,
140101,,
140102,,
140103,,
140104,,
140105,,
140106,,
140107,,
140108,,
140109,,
140110,,
140111,,
140112,,
140113,,
140114,,
140115,,
140116,,
140117,,
140118,,
140119,,
140120,,
140121,,
140122,,
140123,,
140124,,
140125,,
140126,,
140127,,
140128,,
140129,,
140130,,
140131,,
140201,,
140202,,
140203,,
140204,,
140205,,
140206,,
140207,,
140208,,
140209,,
140210,,
140211,,
140212,,
140213,,
140214,,
140215,,
140216,,
140217,,
140218,,
140219,,
140220,,
140221,,
140222,,
140223,,
140224,,
140225,,
140226,,
140227,,
140228,,
140301,,
140302,,
140303,,
140304,,
140305,,
140306,,
140307,,
140308,,
140309,,
140310,,
140311,,
140312,,
140313,,
140314,,
140315,,
140316,,
140317,,
140318,,
140319,,
140320,,
140321,,
140322,,
140323,,
140324,,
140325,,
140326,,
140327,,
140328,,
140329,,
140330,,
140331,,
140401,,
140402,,
140403,,
140404,,
140405,,
140406,,
140407,,
140408,,
140409,,
140410,,
140411,,
140412,,
140413,,
140414,,
140415,,
140416,,
140417,,
140418,,
140419,,
140420,,
140421,,
140422,,
140423,,
140424,,
140425,,
140426,,
140427,,
140428,,
140429,,
140430,,
140501,,
140502,,
140503,,
140504,,
140505,,
140506,,
140507,,
140508,,
140509,,
140510,,
140511,,
140512,,
140513,,
140514,,
140515,,
140516,,
140517,,
140518,,
140519,,
140520,,
140521,,
140522,,
140523,,
140524,,
140525,,
140526,,
140527,,
140528,,
140529,,
140530,,
140531,,
140601,,
140602,,
140603,,
140604,,
140605,,
140606,,
140607,,
140608,,
140609,,
140610,,
140611,,
140612,,
140613,,
140614,,
140615,,
140616,,
140617,,
140618,,
140619,,
140620,,
140621,,
140622,,
140623,,
140624,,
140625,,
140626,,
140627,,
140628,,
140629,,
140630,,
140701,,
140702,,
140703,,
140704,,
140705,,
140706,,
140707,,
140708,,
140709,,
140710,,
140711,,
140712,,
140713,,
140714,,
140715,,
140716,,
140717,,
140718,,
140719,,
140720,,
140721,,
140722,,
140723,,
140724,,
140725,,
140726,,
140727,,
140728,,
140729,,
140730,,
140731,,
140801,,
140802,,
140803,,
140804,,
140805,,
140806,,
140807,,
140808,,
140809,,
140810,,
140811,,
140812,,
140813,,
140814,,
140815,,
140816,,
140817,,
140818,,
140819,,
140820,,
140821,,
140822,,
140823,,
140824,,
140825,,
140826,,
140827,,
140828,,
140829,,
140830,,
140831,,
140901,,
140902,,
140903,,
140904,,
140905,,
140906,,
140907,,
140908,,
140909,,
140910,,
140911,,
140912,,
140913,,
140914,,
140915,,
140916,,
140917,,
140918,,
140919,,
140920,,
140921,,
140922,,
140923,,
140924,,
140925,,
140926,,
140927,,
140928,,
140929,,
140930,,
141001,,
141002,,
141003,,
141004,,
141005,,
141006,,
141007,,
141008,,
141009,,
141010,,
141011,,
141012,,
141013,,
141014,,
141015,,
141016,,
141017,,
141018,,
141019,,
141020,,
141021,,
141022,,
141023,,
141024,,
141025,,
141026,,
141027,,
141028,,
141029,,
141030,,
141031,,
141101,,
141102,,
141103,,
141104,,
141105,,
141106,,
141107,,
141108,,
141109,,
141110,,
141111,,
141112,,
141113,,
141114,,
141115,,
141116,,
141117,,
141118,,
141119,,
141120,,
141121,,
141122,,
141123,,
141124,,
141125,,
141126,,
141127,,
141128,,
141129,,
141130,,
141201,,
141202,,
141203,,
141204,,
141205,,
141206,,
141207,,
141208,,
141209,,
141210,,
141211,,
141212,,
141213,,
141214,,
141215,,
141216,,
141217,,
141218,,
141219,,
141220,,
141221,,
141222,,
141223,,
141224,,
141225,,
141226,,
141227,,
141228,,
141229,,
141230,,
141231,,
150101,,
150102,,
150103,,
150104,,
150105,,
150106,,
150107,,
150108,,
150109,,
150110,,
150111,,
150112,,
150113,,
150114,,
150115,,
150116,,
150117,,
150118,,
150119,,
150120,,
150121,,
150122,,
150123,,
150124,,
150125,,
150126,,
150127,,
150128,,
150129,,
150130,,
150131,,
150201,,
150202,,
150203,,
150204,,
150205,,
150206,,
150207,,
150208,,
150209,,
150210,,
150211,,
150212,,
150213,,
150214,,
150215,,
150216,,
150217,,
150218,,
150219,,
150220,,
150221,,
150222,,
150223,,
150224,,
150225,,
150226,,
150227,,
150228,,
150301,,
150302,,
150303,,
150304,,
150305,,
150306,,
150307,,
150308,,
150309,,
150310,,
150311,,
150312,,
150313,,
150314,,
150315,,
150316,,
150317,,
150318,,
150319,,
150320,,
150321,,
150322,,
150323,,
150324,,
150325,,
150326,,
150327,,
150328,,
150329,,
150330,,
150331,,
150401,,
150402,,
150403,,
150404,,
150405,,
150406,,
150407,,
150408,,
150409,,
150410,,
150411,,
150412,,
150413,,
150414,,
150415,,
150416,,
150417,,
150418,,
150419,,
150420,,
150421,,
150422,,
150423,,
150424,,
150425,,
150426,,
150427,,
150428,,
150429,,
150430,,
150501,,
150502,,
150503,,
150504,,
150505,,
150506,,
150507,,
150508,,
150509,,
150510,,
150511,,
150512,,
150513,,
150514,,
150515,,
150516,,
150517,,
150518,,
150519,,
150520,,
150521,,
150522,,
150523,,
150524,,
150525,,
150526,,
150527,,
150528,,
150529,,
150530,,
150531,,
150601,,
150602,,
150603,,
150604,,
150605,,
150606,,
150607,,
150608,,
150609,,
150610,,
150611,,
150612,,
150613,,
150614,,
150615,,
150616,,
150617,,
150618,,
150619,,
150620,,
150621,,
150622,,
150623,,
150624,,
150625,,
150626,,
150627,,
150628,,
150629,,
150630,,
150701,,
150702,,
150703,,
150704,,
150705,,
150706,,
150707,,
150708,,
150709,,
150710,,
150711,,
150712,,
150713,,
150714,,
150715,,
150716,,
150717,,
150718,,
150719,,
150720,,
150721,,
150722,,
150723,,
150724,,
150725,,
150726,,
150727,,
150728,,
150729,,
150730,,
150731,,
150801,,
150802,,
150803,,
150804,,
150805,,
150806,,
150807,,
150808,,
150809,,
150810,,
150811,,
150812,,
150813,,
150814,,
150815,,
150816,,
150817,,
150818,,
150819,,
150820,,
150821,,
150822,,
150823,,
150824,,
150825,,
150826,,
150827,,
150828,,
150829,,
150830,,
150831,,
150901,,
150902,,
150903,,
150904,,
150905,,
150906,,
150907,,
150908,,
150909,,
150910,,
150911,,
150912,,
150913,,
150914,,
150915,,
150916,,
150917,,
150918,,
150919,,
150920,,
150921,,
150922,,
150923,,
150924,,
150925,,
150926,,
150927,,
150928,,
150929,,
150930,,
151001,,
151002,,
151003,,
151004,,
151005,,
151006,,
151007,,
151008,,
151009,,
151010,,
151011,,
151012,,
151013,,
151014,,
151015,,
151016,,
151017,,
151018,,
151019,,
151020,,
151021,,
151022,,
151023,,
151024,,
151025,,
151026,,
151027,,
151028,,
151029,,
151030,,
151031,,
151101,,
151102,,
151103,,
151104,,
151105,,
151106,,
151107,,
151108,,
151109,,
151110,,
151111,,
151112,,
151113,,
151114,,
151115,,
151116,,
151117,,
151118,,
151119,,
151120,,
151121,,
151122,,
151123,,
151124,,
151125,,
151126,,
151127,,
151128,,
151129,,
151130,,
151201,,
151202,,
151203,,
151204,,
151205,,
151206,,
151207,,
151208,,
151209,,
151210,,
151211,,
151212,,
151213,,
151214,,
151215,,
151216,,
151217,,
151218,,
151219,,
151220,,
151221,,
151222,,
151223,,
151224,,
151225,,
151226,,
151227,,
151228,,
151229,,
151230,,
151231,,
160101,,
160102,,
160103,,
160104,,
160105,,
160106,,
160107,,
160108,,
160109,,
160110,,
160111,,
160112,,
160113,,
160114,,
160115,,
160116,,
160117,,
160118,,
160119,,
160120,,
160121,,
160122,,
160123,,
160124,,
160125,,
160126,,
160127,,
160128,,
160129,,
160130,,
160131,,
160201,,
160202,,
160203,,
160204,,
160205,,
160206,,
160207,,
160208,,
160209,,
160210,,
160211,,
160212,,
160213,,
160214,,
160215,,
160216,,
160217,,
160218,,
160219,,
160220,,
160221,,
160222,,
160223,,
160224,,
160225,,
160226,,
160227,,
160228,,
160229,,
160301,,
160302,,
160303,,
160304,,
160305,,
160306,,
160307,,
160308,,
160309,,
160310,,
160311,,
160312,,
160313,,
160314,,
160315,,
160316,,
160317,,
160318,,
160319,,
160320,,
160321,,
160322,,
160323,,
160324,,
160325,,
160326,,
160327,,
160328,,
160329,,
160330,,
160331,,
160401,,
160402,,
160403,,
160404,,
160405,,
160406,,
160407,,
160408,,
160409,,
160410,,
160411,,
160412,,
160413,,
160414,,
160415,,
160416,,
160417,,
160418,,
160419,,
160420,,
160421,,
160422,,
160423,,
160424,,
160425,,
160426,,
160427,,
160428,,
160429,,
160430,,
160501,,
160502,,
160503,,
160504,,
160505,,
160506,,
160507,,
160508,,
160509,,
160510,,
160511,,
160512,,
160513,,
160514,,
160515,,
160516,,
160517,,
160518,,
160519,,
160520,,
160521,,
160522,,
160523,,
160524,,
160525,,
160526,,
160527,,
160528,,
160529,,
160530,,
160531,,
160601,,
160602,,
160603,,
160604,,
160605,,
160606,,
160607,,
160608,,
160609,,
160610,,
160611,,
160612,,
160613,,
160614,,
160615,,
160616,,
160617,,
160618,,
160619,,
160620,,
160621,,
160622,,
160623,,
160624,,
160625,,
160626,,
160627,,
160628,,
160629,,
160630,,
160701,,
160702,,
160703,,
160704,,
160705,,
160706,,
160707,,
160708,,
160709,,
160710,,
160711,,
160712,,
160713,,
160714,,
160715,,
160716,,
160717,,
160718,,
160719,,
160720,,
160721,,
160722,,
160723,,
160724,,
160725,,
160726,,
160727,,
160728,,
160729,,
160730,,
160731,,
160801,,
160802,,
160803,,
160804,,
160805,,
160806,,
160807,,
160808,,
160809,,
160810,,
160811,,
160812,,
160813,,
160814,,
160815,,
160816,,
160817,,
160818,,
160819,,
160820,,
160821,,
160822,,
160823,,
160824,,
160825,,
160826,,
160827,,
160828,,
160829,,
160830,,
160831,,
160901,,
160902,,
160903,,
160904,,
160905,,
160906,,
160907,,
160908,,
160909,,
160910,,
160911,,
160912,,
160913,,
160914,,
160915,,
160916,,
160917,,
160918,,
160919,,
160920,,
160921,,
160922,,
160923,,
160924,,
160925,,
160926,,
160927,,
160928,,
160929,,
160930,,
161001,,
161002,,
161003,,
161004,,
161005,,
161006,,
161007,,
161008,,
161009,,
161010,,
161011,,
161012,,
161013,,
161014,,
161015,,
161016,,
161017,,
161018,,
161019,,
161020,,
161021,,
161022,,
161023,,
161024,,
161025,,
161026,,
161027,,
161028,,
161029,,
161030,,
161031,,
161101,,
161102,,
161103,,
161104,,
161105,,
161106,,
161107,,
161108,,
161109,,
161110,,
161111,,
161112,,
161113,,
161114,,
161115,,
161116,,
161117,,
161118,,
161119,,
161120,,
161121,,
161122,,
161123,,
161124,,
161125,,
161126,,
161127,,
161128,,
161129,,
161130,,
161201,,
161202,,
161203,,
161204,,
161205,,
161206,,
161207,,
161208,,
161209,,
161210,,
161211,,
161212,,
161213,,
161214,,
161215,,
161216,,
161217,,
161218,,
161219,,
161220,,
161221,,
161222,,
161223,,
161224,,
161225,,
161226,,
161227,,
161228,,
161229,,
161230,,
161231,,
170101,,
170102,,
170103,,
170104,,
170105,,
170106,,
170107,,
170108,,
170109,,
170110,,
170111,,
170112,,
170113,,
170114,,
170115,,
170116,,
170117,,
170118,,
170119,,
170120,,
170121,,
170122,,
170123,,
170124,,
170125,,
170126,,
170127,,
170128,,
170129,,
170130,,
170131,,
170201,,
170202,,
170203,,
170204,,
170205,,
170206,,
170207,,
170208,,
170209,,
170210,,
170211,,
170212,,
170213,,
170214,,
170215,,
170216,,
170217,,
170218,,
170219,,
170220,,
170221,,
170222,,
170223,,
170224,,
170225,,
170226,,
170227,,
170228,,
170301,,
170302,,
170303,,
170304,,
170305,,
170306,,
170307,,
170308,,
170309,,
170310,,
170311,,
170312,,
170313,,
170314,,
170315,,
170316,,
170317,,
170318,,
170319,,
170320,,
170321,,
170322,,
170323,,
170324,,
170325,,
170326,,
170327,,
170328,,
170329,,
170330,,
170331,,
170401,,
170402,,
170403,,
170404,,
170405,,
170406,,
170407,,
170408,,
170409,,
170410,,
170411,,
170412,,
170413,,
170414,,
170415,,
170416,,
170417,,
170418,,
170419,,
170420,,
170421,,
170422,,
170423,,
170424,,
170425,,
170426,,
170427,,
170428,,
170429,,
170430,,
170501,,
170502,,
170503,,
170504,,
170505,,
170506,,
170507,,
170508,,
170509,,
170510,,
170511,,
170512,,
170513,,
170514,,
170515,,
170516,,
170517,,
170518,,
170519,,
170520,,
170521,,
170522,,
170523,,
170524,,
170525,,
170526,,
170527,,
170528,,
170529,,
170530,,
170531,,
170601,,
170602,,
170603,,
170604,,
170605,,
170606,,
170607,,
170608,,
170609,,
170610,,
170611,,
170612,,
170613,,
170614,,
170615,,
170616,,
170617,,
170618,,
170619,,
170620,,
170621,,
170622,,
170623,,
170624,,
170625,,
170626,,
170627,,
170628,,
170629,,
170630,,
170701,,
170702,,
170703,,
170704,,
170705,,
170706,,
170707,,
170708,,
170709,,
170710,,
170711,,
170712,,
170713,,
170714,,
170715,,
170716,,
170717,,
170718,,
170719,,
170720,,
170721,,
170722,,
170723,,
170724,,
170725,,
170726,,
170727,,
170728,,
170729,,
170730,,
170731,,
170801,,
170802,,
170803,,
170804,,
170805,,
170806,,
170807,,
170808,,
170809,,
170810,,
170811,,
170812,,
170813,,
170814,,
170815,,
170816,,
170817,,
170818,,
170819,,
170820,,
170821,,
170822,,
170823,,
170824,,
170825,,
170826,,
170827,,
170828,,
170829,,
170830,,
170831,,
170901,,
170902,,
170903,,
170904,,
170905,,
170906,,
170907,,
170908,,
170909,,
170910,,
170911,,
170912,,
170913,,
170914,,
170915,,
170916,,
170917,,
170918,,
170919,,
170920,,
170921,,
170922,,
170923,,
170924,,
170925,,
170926,,
170927,,
170928,,
170929,,
170930,,
171001,,
171002,,
171003,,
171004,,
171005,,
171006,,
171007,,
171008,,
171009,,
171010,,
171011,,
171012,,
171013,,
171014,,
171015,,
171016,,
171017,,
171018,,
171019,,
171020,,
171021,,
171022,,
171023,,
171024,,
171025,,
171026,,
171027,,
171028,,
171029,,
171030,,
171031,,
171101,,
171102,,
171103,,
171104,,
171105,,
171106,,
171107,,
171108,,
171109,,
171110,,
171111,,
171112,,
171113,,
171114,,
171115,,
171116,,
171117,,
171118,,
171119,,
171120,,
171121,,
171122,,
171123,,
171124,,
171125,,
171126,,
171127,,
171128,,
171129,,
171130,,
171201,,
171202,,
171203,,
171204,,
171205,,
171206,,
171207,,
171208,,
171209,,
171210,,
171211,,
171212,,
171213,,
171214,,
171215,,
171216,,
171217,,
171218,,
171219,,
171220,,
171221,,
171222,,
171223,,
171224,,
171225,,
171226,,
171227,,
171228,,
171229,,
171230,,
171231,,
180101,,
180102,,
180103,,
180104,,
180105,,
180106,,
180107,,
180108,,
180109,,
180110,,
180111,,
180112,,
180113,,
180114,,
180115,,
180116,,
180117,,
180118,,
180119,,
180120,,
180121,,
180122,,
180123,,
180124,,
180125,,
180126,,
180127,,
180128,,
180129,,
180130,,
180131,,
180201,,
180202,,
180203,,
180204,,
180205,,
180206,,
180207,,
180208,,
180209,,
180210,,
180211,,
180212,,
180213,,
180214,,
180215,,
180216,,
180217,,
180218,,
180219,,
180220,,
180221,,
180222,,
180223,,
180224,,
180225,,
180226,,
180227,,
180228,,
180301,,
180302,,
180303,,
180304,,
180305,,
180306,,
180307,,
180308,,
180309,,
180310,,
180311,,
180312,,
180313,,
180314,,
180315,,
180316,,
180317,,
180318,,
180319,,
180320,,
180321,,
180322,,
180323,,
180324,,
180325,,
180326,,
180327,,
180328,,
180329,,
180330,,
180331,,
180401,,
180402,,
180403,,
180404,,
180405,,
180406,,
180407,,
180408,,
180409,,
180410,,
180411,,
180412,,
180413,,
180414,,
180415,,
180416,,
180417,,
180418,,
180419,,
180420,,
180421,,
180422,,
180423,,
180424,,
180425,,
180426,,
180427,,
180428,,
180429,,
180430,,
180501,,
180502,,
180503,,
180504,,
180505,,
180506,,
180507,,
180508,,
180509,,
180510,,
180511,,
180512,,
180513,,
180514,,
180515,,
180516,,
180517,,
180518,,
180519,,
180520,,
180521,,
180522,,
180523,,
180524,,
180525,,
180526,,
180527,,
180528,,
180529,,
180530,,
180531,,
180601,,
180602,,
180603,,
180604,,
180605,,
180606,,
180607,,
180608,,
180609,,
180610,,
180611,,
180612,,
180613,,
180614,,
180615,,
180616,,
180617,,
180618,,
180619,,
180620,,
180621,,
180622,,
180623,,
180624,,
180625,,
180626,,
180627,,
180628,,
180629,,
180630,,
180701,,
180702,,
180703,,
180704,,
180705,,
180706,,
180707,,
180708,,
180709,,
180710,,
180711,,
180712,,
180713,,
180714,,
180715,,
180716,,
180717,,
180718,,
180719,,
180720,,
180721,,
180722,,
180723,,
180724,,
180725,,
180726,,
180727,,
180728,,
180729,,
180730,,
180731,,
180801,,
180802,,
180803,,
180804,,
180805,,
180806,,
180807,,
180808,,
180809,,
180810,,
180811,,
180812,,
180813,,
180814,,
180815,,
180816,,
180817,,
180818,,
180819,,
180820,,
180821,,
180822,,
180823,,
180824,,
180825,,
180826,,
180827,,
180828,,
180829,,
180830,,
180831,,
180901,,
180902,,
180903,,
180904,,
180905,,
180906,,
180907,,
180908,,
180909,,
180910,,
180911,,
180912,,
180913,,
180914,,
180915,,
180916,,
180917,,
180918,,
180919,,
180920,,
180921,,
180922,,
180923,,
180924,,
180925,,
180926,,
180927,,
180928,,
180929,,
180930,,
181001,,
181002,,
181003,,
181004,,
181005,,
181006,,
181007,,
181008,,
181009,,
181010,,
181011,,
181012,,
181013,,
181014,,
181015,,
181016,,
181017,,
181018,,
181019,,
181020,,
181021,,
181022,,
181023,,
181024,,
181025,,
181026,,
181027,,
181028,,
181029,,
181030,,
181031,,
181101,,
181102,,
181103,,
181104,,
181105,,
181106,,
181107,,
181108,,
181109,,
181110,,
181111,,
181112,,
181113,,
181114,,
181115,,
181116,,
181117,,
181118,,
181119,,
181120,,
181121,,
181122,,
181123,,
181124,,
181125,,
181126,,
181127,,
181128,,
181129,2728,714
181130,2708,718
181201,2694,694
181202,2597,662
181203,2663,712
181204,2723,649
181205,2748,675
181206,2764,681
181207,2733,701
181208,2730,706
181209,2640,684
181210,2721,675
181211,2697,696
181212,2657,756
181213,2694,721
181214,2636,764
181215,2560,824
181216,2504,754
181217,2563,735
181218,2598,708
181219,2623,733
181220,2661,739
181221,2723,720
181222,2738,698
181223,2637,680
181224,2673,730
181225,2702,722
181226,2765,715
181227,2808,692
181228,2810,702
181229,2726,714
181230,2613,713
181231,2679,732
190101,2671,705
190102,2705,708
190103,2741,720
190104,2759,725
190105,2743,711
190106,2605,731
190107,2685,755
190108,2774,719
190109,2765,722
190110,2762,747
190111,2813,719
190112,2797,714
190113,2656,715
190114,2583,765
190115,2647,716
190116,2714,689
190117,2728,713
190118,2777,722
190119,2776,699
190120,2674,692
190121,2636,734
190122,2628,698
190123,2743,687
190124,2699,717
190125,2648,694
190126,2465,695
190127,2462,694
190128,2597,733
190129,2663,720
190130,2724,713
190131,2711,714
190201,2657,762
190202,2645,764
190203,2563,752
190204,2630,771
190205,2765,730
190206,2754,741
190207,2642,721
190208,2689,681
190209,2694,675
190210,2634,664
190211,2657,739
190212,2689,772
190213,2744,759
190214,2741,733
190215,2696,728
190216,2677,732
190217,2640,714
190218,2667,756
190219,2785,734
190220,2764,761
190221,2764,791
190222,2753,830
190223,2749,821
190224,2675,787
190225,2746,780
190226,2749,795
190227,2726,769
190228,2715,780
190301,2794,772
190302,2726,807
190303,2644,718
190304,2740,748
190305,2812,772
190306,2822,758
190307,2896,755
190308,2875,782
190309,2860,768
190310,2805,731
190311,2889,779
190312,2921,781
190313,2922,780
190314,2884,791
190315,2832,834
190316,2832,835
190317,2775,769
190318,2886,767
190319,2941,801
190320,2942,796
190321,2596,762
190322,2726,773
190323,2848,774
190324,2842,763
190325,2947,781
190326,2944,808
190327,2991,796
190328,3023,799
190329,3059,826
190330,3100,867
190331,2812,848
190401,2867,851
190402,2983,849
190403,3031,869
190404,3076,857
190405,3003,883
190406,2946,869
190407,2712,857
190408,2955,889
190409,2918,908
190410,2949,905
190411,2907,977
190412,2997,922
190413,2974,920
190414,2884,879
190415,2928,943
190416,2740,926
190417,2597,893
190418,2669,862
190419,2731,854
190420,2788,863
190421,2700,860
190422,2851,907
190423,2870,937
190424,2940,965
190425,3053,980
190426,3049,996
190427,3046,988
190428,2922,959
190429,3002,1026
190430,2897,1117
190501,2694,1094
190502,2690,1169
190503,2614,1151
190504,2651,1136
190505,2703,1025
190506,2872,1078
190507,2865,1154
190508,2881,1184
190509,2925,1182
190510,2985,1131
190511,2942,1119
190512,2857,1040
190513,2880,1084
190514,2821,1130
190515,2903,1061
190516,2966,1001
190517,2913,1029
190518,2841,1039
190519,2849,1025
190520,2999,1076
190521,3095,1076
190522,3089,1059
190523,3061,1127
190524,2947,1091
190525,2940,1063
190526,2846,1080
190527,3022,1085
190528,3086,1113
190529,3145,1060
190530,3156,1076
190531,3082,1104
190601,2971,1135
190602,2885,1140
190603,2798,1204
190604,2899,1205
190605,3059,1118
190606,3011,1094
190607,2950,1110
190608,2987,1109
190609,2952,1086
190610,,
190611,2967,1220
190612,2821,1169
190613,2753,1219
190614,2929,1199
190615,2824,1286
190616,2617,1291
190617,2661,1359
190618,2688,1247
190619,2766,1243
190620,2829,1202
190621,2904,1155
190622,2869,1106
190623,2754,1073
190624,2843,1080
190625,2919,1119
190626,2896,1170
190627,2831,1248
190628,2793,1289
190629,2786,1268
190630,2650,1231
190701,2753,1227
190702,2729,1220
190703,2757,1284
190704,2686,1287
190705,2588,1302
190706,2486,1283
190707,2308,1308
190708,2445,1373
190709,2418,1320
190710,2442,1360
190711,2413,1381
190712,2568,1322
190713,2561,1322
190714,2388,1320
190715,2455,1363
190716,2460,1328
190717,2621,1215
190718,2719,1240
190719,2780,1196
190720,2772,1167
190721,2699,1128
190722,2826,1174
190723,2905,1166
190724,2791,1263
190725,2561,1271
190726,2427,1283
190727,2280,1287
190728,2162,1276
190729,2293,1296
190730,2424,1260
190731,2431,1300
190801,2412,1347
190802,2354,1324
190803,2317,1305
190804,2267,1273
190805,2364,1390
190806,2271,1386
190807,2189,1369
190808,2261,1307
190809,2204,1362
190810,2204,1456
190811,2234,1427
190812,2414,1406
190813,2387,1392
190814,2326,1403
190815,2037,1314
190816,2151,1407
190817,2156,1326
190818,2134,1195
190819,2323,1230
190820,2384,1322
190821,2357,1434
190822,2404,1381
190823,2418,1412
190824,2332,1414
190825,2322,1281
190826,2418,1345
190827,2536,1380
190828,2653,1355
190829,2694,1370
190830,2677,1364
190831,2642,1356
190901,2425,1282
190902,2433,1279
190903,2481,1331
190904,2464,1360
190905,2422,1413
190906,2398,1480
190907,2338,1497
190908,2253,1440
190909,2381,1502
190910,2480,1479
190911,2507,1450
190912,2419,1469
190913,2393,1446
190914,2416,1411
190915,2343,1390
190916,2419,1439
190917,2467,1333
190918,2442,1275
190919,2443,1257
190920,2494,1273
190921,2514,1243
190922,2328,1183
190923,2467,1166
190924,2433,1159
190925,2341,1185
190926,2253,1177
190927,2170,1174
190928,2067,1174
190929,1886,1162
190930,1987,1204
191001,2080,1202
191002,2075,1112
191003,2228,1125
191004,2318,1065
191005,2369,1022
191006,2280,1000
191007,2297,977
191008,2115,1014
191009,2264,1049
191010,2394,1045
191011,2451,1022
191012,2471,984
191013,2393,965
191014,2495,1000
191015,2560,976
191016,2589,941
191017,2575,944
191018,2533,930
191019,2468,901
191020,2341,853
191021,2305,897
191022,2325,914
191023,2292,928
191024,2221,937
191025,2194,941
191026,2057,948
191027,1920,845
191028,1855,843
191029,1959,861
191030,2026,896
191031,2106,908
191101,2159,888
191102,2222,845
191103,2171,805
191104,2312,851
191105,2404,841
191106,2466,804
191107,2385,794
191108,2302,854
191109,2245,887
191110,2208,816
191111,2369,833
191112,2418,839
191113,2455,821
191114,2454,816
191115,2471,791
191116,2464,810
191117,2338,818
191118,2478,824
191119,2544,791
191120,2566,788
191121,2509,839
191122,2512,837
191123,2457,855
191124,2411,799
191125,2492,850
191126,2509,856
191127,2483,858
191128,2418,874
191129,2420,889
191130,2406,866
191201,2312,756
191202,2375,816
191203,2385,837
191204,2422,846
191205,2444,885
191206,2450,872
191207,2427,879
191208,2365,822
191209,2455,868
191210,2605,802
191211,2678,761
191212,2635,742
191213,2428,751
191214,2466,774
191215,2328,802
191216,2384,866
191217,2457,874
191218,2541,836
191219,2606,807
191220,2700,766
191221,2641,807
191222,2507,846
191223,2625,858
191224,2703,831
191225,2691,806
191226,2778,767
191227,2741,814
191228,2696,821
191229,2626,807
191230,2739,814
191231,2759,809
200101,2649,815
200102,2682,798
200103,2713,768
200104,2761,718
200105,2615,749
200106,2671,816
200107,2739,792
200108,2728,756
200109,2676,811
200110,2656,883
200111,2695,833
200112,2681,752
200113,2747,761
200114,2689,771
200115,2587,799
200116,2548,783
200117,2651,761
200118,2672,781
200119,2525,792
200120,2691,814
200121,2740,838
200122,2650,931
200123,2681,907
200124,2770,853
200125,2781,800
200126,2654,735
200127,2765,800
200128,2789,810
200129,2827,770
200130,2821,802
200131,2835,803
200201,2755,816
200202,2627,837
200203,2739,838
200204,2838,804
200205,2845,815
200206,2877,821
200207,2889,813
200208,2813,837
200209,2694,805
200210,2772,839
200211,2822,888
200212,2855,875
200213,2932,811
200214,2936,802
200215,2956,779
200216,2836,805
200217,2888,878
200218,2968,859
200219,2961,868
200220,2862,927
200221,2766,897
200222,2767,903
200223,2708,858
200224,2834,862
200225,2864,829
200226,2877,842
200227,2810,875
200228,2808,923
200229,2777,889
200301,2593,833
200302,2798,840
200303,2835,892
200304,2758,909
200305,2693,918
200306,2587,867
200307,2709,779
200308,2620,808
200309,2602,848
200310,2293,847
200311,2415,864
200312,2585,878
200313,2634,866
200314,2600,896
200315,2483,908
200316,2587,976
200317,2690,959
200318,2759,915
200319,2785,887
200320,2677,922
200321,2625,916
200322,2287,799
200323,2386,801
200324,2225,813
200325,2021,806
200326,1873,829
200327,1817,825
200328,1817,857
200329,1803,882
200330,1805,912
200331,1854,909
200401,1884,901
200402,1961,903
200403,1946,924
200404,1981,883
200405,1926,895
200406,1973,856
200407,1910,890
200408,1916,865
200409,1924,851
200410,1947,839
200411,2009,866
200412,1994,896
200413,2036,951
200414,2062,990
200415,2042,973
200416,2071,976
200417,2059,994
200418,2036,943
200419,2004,931
200420,2007,933
200421,1992,885
200422,2034,934
200423,2036,947
200424,2017,976
200425,1954,1021
200426,1882,931
200427,1841,960
200428,1938,969
200429,1991,934
200430,2065,968
200501,1974,1031
200502,2009,1070
200503,1967,1065
200504,2011,1060
200505,2084,1044
200506,2079,1056
200507,2125,1033
200508,2247,1038
200509,2314,1068
200510,2134,1020
200511,2115,1014
200512,2312,1012
200513,2361,1040
200514,2395,1028
200515,2426,1048
200516,2411,1089
200517,2313,1120
200518,2322,1159
200519,2285,1212
200520,2229,1224
200521,2237,1271
200522,2337,1334
200523,2446,1320
200524,2485,1293
200525,2531,1302
200526,2555,1317
200527,2452,1332
200528,2267,1336
200529,2258,1296
200530,2280,1206
200531,2150,1124
200601,2224,1113
200602,2226,1122
200603,2188,1105
200604,2127,1138
200605,2054,1186
200606,2081,1241
200607,2054,1246
200608,2219,1304
200609,2342,1356
200610,2415,1351
200611,2394,1291
200612,2366,1299
200613,2322,1311
200614,2229,1321
200615,2322,1409
200616,2357,1417
200617,2348,1446
200618,2355,1455
200619,2349,1494
200620,2318,1478
200621,2224,1406
200622,2309,1414
200623,2444,1387
200624,2518,1328
200625,2505,1321
200626,2458,1318
200627,2453,1352
200628,2378,1344
200629,2483,1302
200630,2574,1277
200701,2587,1344
200702,2607,1385
200703,2568,1426
200704,2457,1379
200705,2097,1264
200706,2198,1368
200707,2273,1370
200708,2355,1332
200709,2471,1271
200710,2455,1305
200711,2325,1323
200712,2066,1343
200713,2375,1301
200714,2555,1286
200715,2538,1271
200716,2535,1257
200717,2559,1290
200718,2658,1241
200719,2492,1217
200720,2391,1266
200721,2314,1218
200722,2480,1146
200723,2536,1166
200724,2578,1155
200725,2588,1149
200726,2532,1185
200727,2673,1313
200728,2728,1313
200729,2654,1269
200730,2584,1244
200731,2660,1237
200801,2592,1228
200802,2495,1256
200803,2435,1342
200804,2397,1384
200805,2378,1351
200806,2283,1400
200807,2436,1443
200808,2497,1458
200809,2424,1356
200810,2402,1377
200811,2341,1448
200812,2205,1503
200813,2153,1443
200814,2194,1425
200815,2123,1356
200816,2075,1343
200817,2280,1389
200818,2293,1409
200819,2183,1404
200820,2135,1313
200821,2150,1278
200822,2132,1301
200823,2051,1350
200824,2171,1421
200825,2303,1428
200826,2377,1402
200827,2365,1372
200828,2332,1402
200829,2329,1395
200830,2198,1390
200831,2345,1364
200901,2481,1291
200902,2543,1227
200903,2579,1223
200904,2633,1233
200905,2657,1231
200906,2469,1257
200907,2543,1324
200908,2692,1278
200909,2803,1253
200910,2772,1257
200911,2722,1303
200912,2688,1298
200913,2541,1233
200914,2566,1305
200915,2606,1318
200916,2651,1319
200917,2527,1364
200918,2555,1411
200919,2650,1349
200920,2540,1291
200921,2502,1359
200922,2454,1404
200923,2365,1414
200924,2457,1351
200925,2515,1313
200926,2433,1266
200927,2424,1198
200928,2633,1198
200929,2652,1179
200930,,
201001,2557,1200
201002,2486,1192
201003,2560,1210
201004,2458,1211
201005,2606,1197
201006,2702,1149
201007,2784,1126
201008,2831,1046
201009,2840,1062
201010,2793,1030
201011,2575,1015
201012,2643,1053
201013,2670,1075
201014,2533,1201
201015,2532,1222
201016,2598,1185
201017,2663,1083
201018,2555,995
201019,2645,993
201020,2685,962
201021,2637,967
201022,2612,978
201023,2561,981
201024,2501,985
201025,2368,928
201026,2468,930
201027,2557,940
201028,2606,921
201029,2639,898
201030,2651,913
201031,2655,903
201101,2545,884
201102,2636,924
201103,2669,922
201104,2673,861
201105,2627,851
201106,2669,832
201107,2647,839
201108,2549,821
201109,2641,843
201110,2635,862
201111,2608,893
201112,2654,862
201113,2582,842
201114,2215,828
201115,2091,783
201116,2107,840
201117,2326,848
201118,2444,851
201119,2480,872
201120,2493,870
201121,2476,865
201122,2462,792
201123,2558,790
201124,2583,828
201125,2523,847
201126,2361,895
201127,2380,916
201128,2445,863
201129,2463,794
201130,2576,813
201201,2588,843
201202,2619,856
201203,2679,797
201204,2689,809
201205,2676,802
201206,2543,795
201207,2636,791
201208,2679,795
201209,2625,862
201210,2624,885
201211,2637,804
201212,2514,813
201213,2465,789
201214,2578,829
201215,2649,842
201216,2650,870
201217,2689,876
201218,2733,883
201219,2744,849
201220,2684,796
201221,2788,825
201222,2867,808
201223,2863,829
201224,2861,853
201225,2820,849
201226,2877,829
201227,2753,823
201228,2850,823
201229,2883,857
201230,2841,910
201231,2846,875
210101,2797,838
210102,2784,833
210103,2685,784
210104,2729,815
210105,2739,789
210106,2780,761
210107,2756,770
210108,3104,810
210109,2720,786
210110,2686,769
210111,2846,773
210112,2872,806
210113,2877,799
210114,2778,756
210115,2776,776
210116,2843,785
210117,2826,786
210118,2900,827
210119,3023,779
210120,3089,755
210121,3122,730
210122,3138,768
210123,3103,779
210124,2986,785
210125,3005,813
210126,2893,786
210127,2997,809
210128,3063,811
210129,3113,795
210130,3121,773
210131,3029,749
210201,3062,784
210202,3102,799
210203,3181,798
210204,3010,814
210205,2995,831
210206,2971,857
210207,2898,808
210208,2958,856
210209,3059,809
210210,3092,783
210211,3071,785
210212,3069,797
210213,3068,776
210214,2950,758
210215,3054,787
210216,3058,780
210217,3021,795
210218,2969,831
210219,2907,829
210220,2880,824
210221,2781,786
210222,2929,787
210223,3001,826
210224,3054,836
210225,3080,854
210226,3091,891
210227,3104,874
210228,3064,807
210301,3124,854
210302,3178,859
210303,3202,840
210304,3190,870
210305,3248,865
210306,3218,884
210307,3099,854
210308,3209,873
210309,3303,876
210310,3341,835
210311,3313,853
210312,3179,838
210313,3097,836
210314,3086,830
210315,3216,854
210316,3262,873
210317,3297,871
210318,3339,835
210319,3328,815
210320,3297,823
210321,3219,767
210322,3249,812
210323,3166,854
210324,3238,853
210325,3289,848
210326,3271,883
210327,3294,863
210328,3198,831
210329,2936,849
210330,3030,891
210331,3164,943
210401,3165,918
210402,3213,924
210403,3228,928
210404,3175,865
210405,3267,903
210406,3251,909
210407,3298,917
210408,3352,900
210409,3329,882
210410,3311,857
210411,3219,806
210412,3311,818
210413,3361,775
210414,3232,825
210415,3219,815
210416,3230,825
210417,3145,830
210418,3119,818
210419,3176,904
210420,3226,875
210421,3163,850
210422,3058,871
210423,3014,909
210424,3067,868
210425,2982,861
210426,3150,874
210427,3179,896
210428,3191,934
210429,3190,936
210430,3171,900
210501,3031,868
210502,2949,839
210503,2965,896
210504,2978,919
210505,2928,979
210506,2879,1004
210507,2860,954
210508,2946,938
210509,2818,930
210510,2853,942
210511,2777,1002
210512,2635,1057
210513,2486,1109
210514,2663,1030
210515,2680,986
210516,2435,1071
210517,2402,1140
210518,2318,1058
210519,2220,1023
210520,2197,1067
210521,2237,1125
210522,2368,1077
210523,2387,1082
210524,2485,1108
210525,2445,1150
210526,2358,1219
210527,2332,1281
210528,2415,1313
210529,2542,1289
210530,2433,1274
210531,2517,1322
210601,2358,1261
210602,2567,1153
210603,2678,1053
210604,2746,1025
210605,2663,1027
210606,2572,1035
210607,2641,1230
210608,2658,1337
210609,2600,1425
210610,2542,1456
210611,2391,1492
210612,2362,1486
210613,2206,1464
210614,2409,1474
210615,2389,1501
210616,2432,1433
210617,2477,1381
210618,2507,1347
210619,2435,1337
210620,2257,1398
210621,2538,1406
210622,2755,1378
210623,2840,1336
210624,2755,1395
210625,2739,1432
210626,2728,1412
210627,2772,1237
210628,3009,1225
210629,3131,1279
210630,3051,1435
210701,2950,1469
210702,2808,1512
210703,2878,1428
210704,2957,1318
210705,3140,1299
210706,3254,1299
210707,3212,1356
210708,3129,1345
210709,3089,1320
210710,3092,1304
210711,2913,1239
210712,2863,1277
210713,2839,1294
210714,2780,1283
210715,2839,1278
210716,3004,1299
210717,3037,1298
210718,2655,1361
210719,2433,1488
210720,2359,1508
210721,2334,1496
210722,2402,1485
210723,2545,1440
210724,2529,1492
210725,2473,1493
210726,2539,1574
210727,2486,1578
210728,2258,1594
210729,2258,1583
210730,2209,1617
210731,2212,1618
210801,2089,1621
210802,2310,1640
210803,2393,1657
210804,2478,1647
210805,2634,1614
210806,2744,1565
210807,2871,1454
210808,2825,1342
210809,2927,1400
210810,2980,1450
210811,3009,1464
210812,3067,1445
210813,3098,1438
210814,3043,1487
210815,2900,1436
210816,3092,1353
210817,3162,1367
210818,3065,1412
210819,2993,1464
210820,2961,1333
210821,2873,1216
210822,2726,1096
210823,2799,1248
210824,2900,1366
210825,2898,1441
210826,2857,1498
210827,2903,1459
210828,2916,1386
210829,2810,1321
210830,2826,1299
210831,2790,1291
210901,2783,1244
210902,2818,1246
210903,2818,1222
210904,2702,1291
210905,2648,1244
210906,2767,1274
210907,2646,1341
210908,2584,1414
210909,2687,1380
210910,2590,1367
210911,2414,1366
210912,2207,1438
210913,2295,1506
210914,2309,1457
210915,2448,1394
210916,2490,1355
210917,2570,1278
210918,2719,1242
210919,2771,1195
210920,2813,1274
210921,2712,1303
210922,2595,1282
210923,2597,1221
210924,2633,1335
210925,2599,1269
210926,2528,1194
210927,2573,1224
210928,2516,1333
210929,2518,1361
210930,2612,1308
211001,2701,1199
211002,2586,1130
211003,2539,1165
211004,2667,1236
211005,2722,1186
211006,2763,1162
211007,2778,1184
211008,2794,1183
211009,2726,1187
211010,2659,1195
211011,2775,1184
211012,2804,1191
211013,2820,1158
211014,2784,1118
211015,2710,1044
211016,2784,1007
211017,2573,1075
211018,2436,1190
211019,2562,1098
211020,2654,1074
211021,2623,1102
211022,2636,1127
211023,2599,1100
211024,2492,1016
211025,2601,1016
211026,2667,1029
211027,2642,1044
211028,2612,1047
211029,2641,998
211030,2586,993
211031,2524,937
211101,2595,915
211102,2625,920
211103,2559,914
211104,2285,869
211105,2138,885
211106,2240,915
211107,2301,888
211108,2456,908
211109,2568,890
211110,2633,864
211111,2573,878
211112,2599,900
211113,2638,871
211114,2594,833
211115,2649,876
211116,2645,911
211117,2682,868
211118,2700,811
211119,2610,817
211120,2605,833
211121,2491,812
211122,2649,796
211123,2765,758
211124,2795,766
211125,2779,797
211126,2780,809
211127,2746,796
211128,2595,802
211129,2638,838
211130,2650,856
211201,2622,821
211202,2572,798
211203,2607,774
211204,2656,789
211205,2617,769
211206,2707,810
211207,2762,831
211208,2789,842
211209,2816,838
211210,2764,887
211211,2769,861
211212,2682,815
211213,2796,819
211214,2846,827
211215,2847,846
211216,2863,856
211217,2845,892
211218,2830,881
211219,2704,860
211220,2906,811
211221,3018,776
211222,3076,749
211223,3108,741
211224,3133,751
211225,3081,743
211226,2977,707
211227,2989,772
211228,2924,787
211229,2843,809
211230,2815,901
211231,2887,880
220101,2874,820
220102,2764,812
220103,2945,816
220104,3069,770
220105,3051,724
220106,2981,717
220107,2988,721
220108,2841,717
220109,2730,728
220110,2831,775
220111,2837,822
220112,2866,799
220113,2863,810
220114,2753,813
220115,2712,818
220116,2683,812
220117,2884,831
220118,2994,818
220119,3059,799
220120,3065,823
220121,3077,829
220122,2900,881
220123,2841,786
220124,3049,780
220125,3091,795
220126,2952,768
220127,3006,830
220128,3052,894
220129,3066,843
220130,3030,782
220131,3126,838
220201,3136,815
220202,3155,861
220203,3049,886
220204,3112,825
220205,3147,807
220206,3041,808
220207,3186,825
220208,3231,836
220209,3152,860
220210,3116,888
220211,3106,899
220212,3131,846
220213,3049,824
220214,3119,864
220215,3177,861
220216,3234,844
220217,3191,864
220218,3165,918
220219,3129,926
220220,3036,881
220221,3140,916
220222,3144,975
220223,3173,938
220224,3230,913
220225,3222,929
220226,3138,941
220227,2992,979
220228,3147,958
220301,3194,917
220302,3128,991
220303,3130,1026
220304,3179,1010
220305,3222,959
220306,3169,894
220307,3194,957
220308,3229,976
220309,3259,975
220310,3301,943
220311,3335,944
220312,3322,928
220313,3246,914
220314,3352,976
220315,3399,1019
220316,3436,1035
220317,3382,1084
220318,3112,1043
220319,3120,1094
220320,3176,1075
220321,3325,1093
220322,3361,1069
220323,3407,1041
220324,3437,994
220325,3449,964
220326,3423,945
220327,3356,948
220328,3441,1020
220329,3456,1080
220330,3502,1056
220331,3510,1060
220401,3531,1016
220402,3494,995
220403,3364,988
220404,3487,1037
220405,3507,1045
220406,3478,1060
220407,3504,1074
220408,3517,1123
220409,3508,1087
220410,3382,1048
220411,3449,1109
220412,3450,1125
220413,3486,1074
220414,3474,1002
220415,3444,1018
220416,3527,1026
220417,3382,1015
220418,3492,1055
220419,3528,1062
220420,3508,1044
220421,3533,1036
220422,3532,987
220423,3559,985
220424,3432,988
220425,3555,1035
220426,3569,1044
220427,3586,1059
220428,3562,1121
220429,3529,1162
220430,3471,1204
220501,3299,1197
220502,3418,1204
220503,3406,1207
220504,3450,1083
220505,3385,1039
220506,3511,1029
220507,3529,1063
220508,3388,1089
220509,3423,1179
220510,3375,1216
220511,3390,1220
220512,3320,1315
220513,3297,1315
220514,3280,1371
220515,3188,1311
220516,3301,1292
220517,3389,1258
220518,3475,1112
220519,3448,1154
220520,3293,1315
220521,2955,1435
220522,2704,1468
220523,2685,1397
220524,2931,1241
220525,3219,1141
220526,3239,1233
220527,3169,1365
220528,3153,1390
220529,3069,1364
220530,3297,1342
220531,3382,1341
220601,3369,1320
220602,3429,1332
220603,3409,1373
220604,3438,1337
220605,3319,1341
220606,3427,1272
220607,3417,1407
220608,3360,1511
220609,3323,1538
220610,3396,1470
220611,3366,1426
220612,3290,1295
220613,3496,1221
220614,3542,1257
220615,3436,1329
220616,3324,1352
220617,3252,1249
220618,3209,1161
220619,2979,1212
220620,2976,1308
220621,2973,1311
220622,3195,1168
220623,3332,1179
220624,3314,1257
220625,3268,1292
220626,3199,1342
220627,3338,1367
220628,3381,1421
220629,3274,1501
220630,2942,1469
220701,2907,1422
220702,2976,1365
220703,2858,1343
220704,3076,1380
220705,3107,1436
220706,3088,1345
220707,3112,1417
220708,3080,1463
220709,2852,1487
220710,2607,1474
220711,2763,1517
220712,2780,1565
220713,2819,1521
220714,2745,1518
220715,2773,1516
220716,2801,1549
220717,2671,1456
220718,2941,1395
220719,3055,1485
220720,2906,1503
220721,2671,1553
220722,2796,1464
220723,2741,1488
220724,2548,1534
220725,2742,1520
220726,2949,1356
220727,2999,1350
220728,2968,1379
220729,3029,1335
220730,2891,1418
220731,2699,1429
220801,2825,1462
220802,2954,1483
220803,3103,1381
220804,3086,1341
220805,2965,1427
220806,2858,1501
220807,2645,1498
220808,2750,1525
220809,2748,1579
220810,2726,1638
220811,2521,1660
220812,2660,1671
220813,2764,1659
220814,2547,1646
220815,2388,1476
220816,2639,1507
220817,2832,1588
220818,2894,1654
220819,2899,1649
220820,2790,1583
220821,2666,1636
220822,2779,1725
220823,2877,1677
220824,2902,1630
220825,2955,1494
220826,3111,1477
220827,3073,1485
220828,2998,1437
220829,3152,1410
220830,3257,1407
220831,3204,1424
220901,3187,1472
220902,3245,1438
220903,3262,1512
220904,3028,1577
220905,3203,1506
220906,3309,1469
220907,3314,1475
220908,3264,1478
220909,3190,1507
220910,3125,1514
220911,2852,1518
220912,2851,1589
220913,2845,1549
220914,2853,1530
220915,2719,1552
220916,2592,1631
220917,2637,1600
220918,2722,1503
220919,2890,1536
220920,2942,1501
220921,2892,1512
220922,2747,1586
220923,2636,1640
220924,2603,1581
220925,2607,1438
220926,2894,1359
220927,2933,1387
220928,3008,1392
220929,3039,1351
220930,3025,1372
221001,2910,1406
221002,2749,1400
221003,3056,1379
221004,2911,1327
221005,2786,1308
221006,2810,1299
221007,2800,1274
221008,2740,1245
221009,2661,1158
221010,2736,1134
221011,2724,1170
221012,2733,1197
221013,2748,1205
221014,2725,1212
221015,2697,1185
221016,2596,1144
221017,2759,1130
221018,2817,1128
221019,2826,1142
221020,2831,1132
221021,2816,1124
221022,2745,1119
221023,2548,1100
221024,2289,1062
221025,2166,1113
221026,2391,1087
221027,2606,1080
221028,2732,1045
221029,2727,1051
221030,2632,972
221031,2773,1040
221101,2868,965
221102,2890,969
221103,2914,973
221104,2907,1009
221105,2890,1034
221106,2833,949
221107,2959,912
221108,3022,917
221109,3050,961
221110,3032,973
221111,3004,964
221112,2948,935
221113,2840,884
221114,2951,931
221115,3025,931
221116,3060,927
221117,3057,932
221118,3024,950
221119,3040,895
221120,2915,867
221121,3026,893
221122,3091,880
221123,3084,885
221124,3114,891
221125,3129,911
221126,3128,893
221127,3062,818
221128,3133,863
221129,3129,892
221130,3111,948
221201,3106,924
221202,3179,873
221203,3164,880
221204,3037,882
221205,3101,927
221206,3156,944
221207,3196,876
221208,3174,860
221209,2936,831
221210,2984,906
221211,2904,875
221212,3043,872
221213,3047,928
221214,3092,936
221215,3138,893
221216,3211,884
221217,3184,892
221218,3126,868
221219,3376,871
221220,3416,893
221221,3434,935
221222,3450,956
221223,3473,918
221224,3454,906
221225,3330,870
221226,3367,933
221227,3455,926
221228,3515,915
221229,3564,850
221230,3546,927
221231,3512,914
230101,3368,839
230102,3466,875
230103,3504,963
230104,3409,1057
230105,3427,1055
230106,3490,1010
230107,3594,951
230108,3500,875
230109,3586,884
230110,3581,942
230111,3609,956
230112,3577,972
230113,3600,906
230114,3418,924
230115,3275,904
230116,3402,922
230117,3477,974
230118,3551,991
230119,3536,998
230120,3556,1004
230121,3526,983
230122,3437,929
230123,3481,984
230124,3541,917
230125,3475,956
230126,3173,1006
230127,3277,1066
230128,3386,1019
230129,3323,923
230130,3359,897
230131,3357,1025
230201,3353,1021
230202,3474,983
230203,3506,955
230204,3510,922
230205,3407,930
230206,3502,963
230207,3573,956
230208,3611,973
230209,3606,1002
230210,3554,1029
230211,3566,999
230212,3406,1029
230213,3422,1067
230214,3574,997
230215,3618,1000
230216,3624,1026
230217,3657,1041
230218,3641,1002
230219,3530,981
230220,3595,1052
230221,3621,1056
230222,3682,1027
230223,3692,1000
230224,3723,985
230225,3671,1016
230226,3584,983
230227,3685,987
230228,3667,996
230301,3659,1025
230302,3693,1038
230303,3730,1033
230304,3749,1013
230305,3570,960
230306,3678,969
230307,3443,974
230308,3253,969
230309,3398,953
230310,3618,963
230311,3670,965
230312,3616,930
230313,3752,966
230314,3803,975
230315,3817,943
230316,3702,880
230317,3486,861
230318,3287,874
230319,2977,886
230320,3131,931
230321,3235,955
230322,3355,933
230323,3446,940
230324,3433,1013
230325,3535,954
230326,3389,910
230327,3525,956
230328,3669,979
230329,3696,962
230330,3659,924
230331,3457,959
230401,3334,957
230402,3246,978
230403,3411,1044
230404,3554,994
230405,3501,1074
230406,3548,1063
230407,3613,1026
230408,3640,971
230409,3566,950
230410,3754,981
230411,3862,984
230412,3927,1023
230413,3950,1026
230414,3951,1027
230415,3907,1044
230416,3837,1002
230417,3982,1133
230418,4090,1149
230419,4013,1168
230420,3974,1163
230421,3842,1122
230422,3735,1041
230423,3401,1022
230424,3620,997
230425,3742,979
230426,3768,1001
230427,3787,953
230428,3755,956
230429,3646,925
230430,3276,907
230501,3025.590000,924.770000
230502,3071.910000,984.570000
230503,3150.394000,985.970000
230504,3209.810000,985.536000
230505,3330.490000,1012.730000
230506,3414,1045
230507,3317.900000,1007.160000
230508,3549,1046.680000
230509,3703.620000,1052.230000
230510,3769.720000,1045.070000
230511,3788.370000,1096.890000
230512,3775.500000,1189.320000
230513,3739.480000,1272.410000
230514,3506.210000,1291.800000
230515,3611.440000,1360.590000
230516,3764.770000,1288.630000
230517,3890.810000,1280.190000
230518,3729.590000,1248.880000
230519,3958.831000,1194.010000
230520,3901.121000,1269.600000
230521,3779.260000,1200.640000
230522,3862.490000,1254.760000
230523,3903.518000,1292.450000
230524,3569.950000,1382.050000
230525,3399.910000,1413.980000
230526,3195.480000,1452.780000
230527,3247.200000,1360.800000
230528,3356.310000,1183.740000
230529,3645.100000,1076.640000
230530,3723.720000,1026.372000
230531,3649.360000,1168.110000
230601,3593.872000,1232.341650
230602,3648.460000,1278.060000
230603,3795.580000,1251.590000
230604,3508.780000,1183.650000
230605,3737.590000,1262.240000
230606,3772.430000,1349.550000
230607,3836.490000,1310.050000
230608,3904.120000,1344.880000
230609,3879.311000,1432.809000
230610,3813.540000,1465.299000
230611,3601.500000,1400.500000
230612,3691.413000,1513.847000
230613,3667.050000,1612.990000
230614,3573.880000,1636.120000
230615,3624.370000,1528.630000
230616,3724.910000,1486.920000
230617,3727.450000,1490.550000
230618,3517.380000,1449.620000
230619,3665.200000,1421.310000
230620,3668.660000,1477.340000
230621,3724.020000,1470.300000
230622,3725.190000,1501.810000
230623,3713.070000,1525.930000
230624,3627.340000,1496.400000
230625,3310.410000,1328.590000
230626,3284.540000,1401.770000
230627,3356.560000,1397.810000
230628,3366.670000,1424.180000
230629,3212.880000,1487.740000
230630,3086.550000,1536.150000
230701,3218.680000,1490.320000
230702,3239.010000,1457.990000
230703,3485.520000,1475.480000
230704,3541.140000,1514.630000
230705,3425.981000,1473.370000
230706,3322.240000,1418.760000
230707,3346.230000,1409.960000
230708,2964.860000,1356.430000
230709,3097.940000,1256.490000
230710,3427.260000,1193.740000
230711,3476.570000,1240.410000
230712,3532.550000,1329.450000
230713,3489.840000,1443.530000
230714,3455.180000,1518.680000
230715,3385.280000,1557.810000
230716,3292.700000,1432.570000
230717,3469.800000,1478.530000
230718,3408.870000,1554.540000
230719,3337.830000,1587.880000
230720,3411.870000,1601.940000
230721,3467.710000,1602.290000
230722,3330.180000,1587.250000
230723,3177.630000,1600.154000
230724,3371.340000,1625.280000
230725,3401.550000,1534.390000
230726,3243.960000,1565.200000
230727,3161.190000,1653.260000
230728,3014.290000,1731.620000
230729,2858.970000,1791.180000
230730,2926.390000,1733.690000
230731,3143,1799
230801,3127.660000,1884.900000
230802,3048.100000,1858.630000
230803,3096.080000,1848.088000
230804,3211.140000,1777.260000
230805,3231.590000,1780.020000
230806,3033.070000,1833.680000
230807,3116.620000,1904.430000
230808,3280.460000,1838.310000
230809,3425.320000,1779.700000
230810,3485.320000,1753.190000
230811,3640.600000,1709.360000
230812,3552.335000,1809.650000
230813,3435.230000,1815.410000
230814,3583.700000,1728.020000
230815,3574.270000,1607.120000
230816,3689.820000,1705.560000
230817,3683.620000,1820.920000
230818,3666.980000,1802.820000
230819,3586.460000,1740.560000
230820,3626.200000,1590.319000
230821,3698.660000,1643.670000
230822,3685.267000,1733.450000
230823,3496.180000,1758.200000
230824,3472.390000,1761.690000
230825,3566.640000,1732.650000
230826,3632.110000,1667.540000
230827,3612.840000,1681.440000
230828,3634.530000,1794.470000
230829,3808.147000,1678.490000
230830,3866.410000,1539.180000
230831,3929.364000,1578.290000
230901,4018.355000,1298.845000
230902,4016.701000,1626.006000
230903,3842.080000,1574.920000
230904,3756.500000,1643.610000
230905,3828.790000,1561.242000
230906,3761.320000,1604.610000
230907,3563.400000,1583.740000
230908,3472.130000,1578.270000
230909,3397.928000,1592.780000
230910,3218.580000,1607.200000
230911,3466.767000,1605.385000
230912,3622.880000,1590.610000
230913,3755.960000,1541.290000
230914,3867,1446
230915,3745.930000,1436.300000
230916,3508.580000,1510.520000
230917,3194.180000,1430.080000
230918,3284.938000,1419.170000
230919,3388.500000,1419.840000
230920,3556.150000,1410.750000
230921,3621.710000,1398.370000
230922,3567.720000,1355.190000
230923,3392.830000,1385.070000
230924,3169.913000,1363.528000
230925,3359.400000,1338.040000
230926,3565.340000,1309.730000
230927,3642.540000,1304.280000
230928,3638.100000,1300.511000
230929,3664.550000,1281.221000
230930,3585.350000,1283.050000
231001,3336.130000,1327.570000
231002,3268.290000,1266.660000
231003,3512.110000,1267.740000
231004,3608.220000,1250.740000
231005,3636.880000,1278.050000
231006,3706.180000,1311.330000
231007,3727.010000,1292.426000
231008,3744.860000,1236.230000
231009,3805.680000,1305.530000
231010,3824.230000,1311.740000
231011,3890.320000,1256.450000
231012,3889.400000,1255.370000
231013,3917.180000,1225.290000
231014,3844.020000,1171.000000
231015,3768.380000,1082.110000
231016,3715.430000,1087.050000
231017,3688.760000,1071.500000
231018,3790.840000,1065.812000
231019,3871.540000,1026.260000
231020,3863.220000,1015.330000
231021,3823.320000,996.870000
231022,3708.070000,958.510000
231023,3666.760000,968.940000
231024,3559.700000,936.020000
231025,3739.020000,948.700000
231026,3862.830000,968.110000
231027,3856,960.260000
231028,3856.540000,909.610000
231029,3716.180000,873.450000
231030,3788.440000,925.140000
231031,3844.680000,929.210000
231101,3870.910000,879.100000
231102,3879.580000,886.840000
231103,3890.590000,872.610000
231104,3847.050000,853.360000
231105,3666.460000,821.550000
231106,3739.640000,827.540000
231107,3756.140000,830.260000
231108,3768.790000,812.210000
231109,3755.630000,794.570000
231110,3610.920000,874.600000
231111,3327.100000,960.510000
231112,2986.580000,916.273000
231113,2916.550000,867.790000
231114,3129.090000,828.920000
231115,3226.730000,868.270000
231116,3337.700000,894.010000
231117,3442.730000,891.070000
231118,3541.566000,859.230000
231119,3424.250000,853.150000
231120,3505.270000,1042.610000
231121,3602.703000,883.880000
231122,3652.050000,817.400000
231123,3654.350000,797.010000
231124,3565.850000,879.450000
231125,3492.870000,892.320000
231126,3272.390000,826.690000
231127,3232.130000,753.280000
231128,3282.780000,792.730000
231129,3319.350000,813.080000
231130,3219.260000,837.340000
231201,3227.910000,866.930000
231202,3164.750000,931.250000
231203,3040.560000,901.590000
231204,3100.580000,896.190000
231205,3117.230000,908.650000
231206,3214.590000,862.080000
231207,3320.120000,822.792000
231208,3397.070000,790.490000
231209,3371.610000,806.960000
231210,3243.150000,805.270000
231211,3403.710000,837.190000
231212,3496.810000,842.800000
231213,3510.040000,874.000000
231214,3522,901.460000
231215,3636.650000,845.440000
231216,3610.869000,810.857000
231217,3397.040000,863.090000
231218,3388.920000,994.630000
231219,3491.020000,985.570000
231220,3575.090000,953.320000
231221,3616.400000,912.420000
231222,3707.740000,864.700000
231223,3618.070000,906.680000
231224,3468.030000,910.400000
231225,3534.910000,920.453000
231226,3665.810000,896.190000
231227,3644.190000,950.540000
231228,3662.920000,963.180000
231229,3709.590000,942.540000
231230,3728.180000,904.210000
231231,3572.060000,929.237000
240101,3608.690000,876.958000
240102,3719.200000,853.790000
240103,3783.160000,876.790000
240104,3781.390000,874.327000
240105,3810.520000,841.967000
240106,3726.330000,884.710480
240107,3568.030000,876.070000
240108,3703.270000,861.620000
240109,3690.280000,924.860000
240110,3746.130000,898.230000
240111,3772.780000,928.220000
240112,3843.600000,930.060000
240113,3917.760000,833.590000
240114,3729.490000,807.130000
240115,3763.250000,822.960000
240116,3847.330000,820.660000
240117,3896.940000,847.280000
240118,3918.400000,876.880000
240119,3940.780000,922.220000
240120,3935.060000,914.690000
240121,3851.300000,888.350000
240122,3878.800000,921.290000
240123,3928.700000,920.680000
240124,3961.720000,901.300000
240125,3944.610000,931.150000
240126,3754.100000,912.440000
240127,3809.690000,924.790000
240128,3855.060000,852.490000
240129,3921.180000,906.400000
240130,3973.480000,879.140000
240131,3923.520000,880.600000
240201,3832.750000,880.650000
240202,3927.440000,884.780000
240203,3915.720000,862.590000
240204,3731.060000,828.680000
240205,3768.880000,917.630000
240206,3857.790000,956.800000
240207,3834.610000,993.590000
240208,3779.950000,1003.320000
240209,3821.170000,1014.450000
240210,3792.460000,1011.660000
240211,3642.200000,989.830000
240212,3755.580000,984.030000
240213,3832.390000,963.460000
240214,3818.660000,995.101000
240215,3794.610000,1021.810000
240216,3791.580000,1060.010000
240217,3837.432000,970.896000
240218,3665.050000,951.780000
240219,3625.710000,1077.970000
240220,3838.960000,981.040000
240221,3822.540000,998.210000
240222,3864.900000,965.990000
240223,3908.640000,1005.360000
240224,3928.110000,956.120000
240225,3699.340000,935.660000
240226,3765.370000,1015.490000
240227,3693.430000,1099.180000
240228,3762.850000,1048.540000
240229,3845.870000,1035.012000
240301,3929,1047
240302,4045,1068
240303,3360.100000,1045.770000
240304,3613.508000,1009.195000
240305,3715.520000,1056.880000
240306,3822.850000,976.030000
240307,3839.880000,1007.490000
240308,3820.840000,1009.910000
240309,3798.092000,1028.961000
240310,3755.310000,960.460000
240311,3905,1012
240312,3985.982695,1039.860000
240313,3988.060000,1057.160000
240314,4004.335000,1018.680000
240315,4086.300000,1017.170000
240316,4036.520000,1016.770000
240317,3829.582000,1005.418000
240318,3988.940000,1014.060000
240319,3987.430000,1017.350000
240320,3870.870000,1007.130000
240321,3845.530000,1018.780000
240322,3917.270000,1053.320000
240323,3940.630000,1039.700000
240324,3732.680000,1010.010000
240325,3471.261000,960.640000
240326,3683.720000,1009.020000
240327,3952.470000,1053.530000
240328,4100.150000,1072.860000
240329,4141.530000,1069.640000
240330,4054.830000,1070.220000
240331,3914.220000,1026.780000
240401,3928.350000,1047.670000
240402,4045.180000,1067.830000
240403,4104.870000,1099.898000
240404,4191.100000,1084.691000
240405,4202.700000,1107.920000
240406,4180.330000,1116.414400
240407,3979.450000,1066.980000
240408,4045.310000,1082.990000
240409,4074.300000,1049.700000
240410,4090.790000,1055.100000
240411,4033.500000,1022.900000
240412,4051.990000,1007.590000
240413,4032.200000,970.550000
240414,3852.230000,992.792000
240415,4109.130000,1063.870000
240416,4119.990000,1171.290000
240417,4133.400000,1138.530000
240418,4150.270000,1177
240419,3987.980000,1283.090000
240420,4078.690000,1187.420000
240421,3983.500000,1101.240000
240422,4059.450000,1184.401000
240423,4046.430000,1206.810000
240424,4080.060000,1211.710000
240425,4192.170000,1228.520000
240426,4151.710000,1267.861000
240427,4170.040000,1265.610000
240428,4055.410000,1230.850000
240429,4173.950000,1292.906000
240430,4175.980000,1354.680000
240501,3946.120000,1320.700000
240502,4150.650000,1249.600000
240503,4237.910000,1241.410000
240504,4236.200000,1288.740000
240505,4065.880000,1305.320000
240506,4212.080000,1332.910000
240507,4057.565000,1312.930000
240508,3985.220000,1331.730000
240509,4019.580000,1329.980000
240510,3970.180000,1336.910000
240511,3934.870000,1264.750000
240512,3912.100000,1156.619000
240513,4037.850000,1133.200000
240514,4000.600000,1265.530000
240515,4091.760000,1279.230000
240516,4162.680000,1307.690000
240517,4176.120000,1305.270000
240518,4107.740000,1390.370000
240519,3935.340000,1354.750000
240520,4001.450000,1413.870000
240521,4054.540000,1451.940000
240522,4165.740000,1435.675000
240523,4126.050000,1449.520000
240524,4181.810000,1526.850000
240525,4022.770000,1613.550000
240526,3743.020000,1642.930000
240527,3775.580000,1744
240528,3822.670000,1829.920000
240529,3875.270000,1938.500000
240530,4112.690000,1774.270000
240531,4088.190000,1745.140000
240601,4057.640000,1648.350000
240602,4012.100000,1359.840000
240603,4141.370000,1395.210000
240604,4071.970000,1538.810000
240605,3979.710000,1568.960000
240606,3899.110000,1421.180000
240607,4074.580000,1375.764000
240608,4037.500000,1361.710000
240609,3865.710000,1414.080000
240610,3966.290000,1469.800000
240611,3950.850000,1614.570000
240612,3957.890000,1616.940000
240613,3969.350000,1622.740000
240614,3957.840000,1669.780000
240615,4060.940000,1598.370000
240616,4016.440000,1528.620000
240617,4196.534000,1537.290000
240618,4038.150000,1698.640000
240619,3903.800000,1755.480000
240620,3628.990000,1800.530000
240621,3830.970000,1634.900000
240622,3978.920000,1747.600000
240623,3868.250000,1451.860000
240624,3910.491300,1495.508700
240625,4004.892000,1585.780000
240626,3968.115000,1550.050000
240627,3815.213000,1512.629000
240628,3807.130000,1487.170000
240629,3776.750000,1486.700000
240630,3521.900000,1464.180000
240701,3519.640000,1526.260000
240702,3365.820000,1668.760000
240703,3410.741000,1644.430000
240704,3483.597000,1535.920000
240705,3507.011000,1544.989000
240706,3227.290000,1632.760000
240707,3230.890000,1520.970000
240708,3673.560000,1420.240000
240709,3811.926000,1445.200000
240710,3829.790000,1517.830000
240711,3750.920000,1687.090000
240712,3566.096000,1731.020000
240713,3538.170000,1613.750000
240714,3537.780000,1591.690000
240715,3792.270000,1506.290000
240716,3726.480000,1656.150000
240717,3725.130000,1633.750000
240718,3707.139000,1694.590000
240719,3614.210000,1727.600000
240720,3661.290000,1671.280000
240721,3523.730000,1676.630000
240722,3622.430000,1693.570000
240723,3537.030000,1788.830000
240724,3452.660000,1780.264000
240725,3401.290000,1795.820000
240726,3401.530000,1826.300000
240727,3417.190000,1757.610000
240728,3450.930000,1713.071000
240729,3679.120000,1726.050000
240730,3735.021000,1758.340000
240731,3629.438000,1771.320000
240801,3260.156000,1748.770000
240802,3182.850000,1748.290000
240803,3101.478000,1774.190000
240804,3019.640000,1742.440000
240805,3401.920000,1639.500000
240806,3453.618000,1667.590000
240807,3309.800000,1668.350000
240808,3280.752000,1699.610000
240809,3394.520000,1678.320000
240810,3325.820000,1705.360000
240811,3120.920000,1619.070000
240812,3276.330000,1635.510000
240813,3556.010000,1577.200000
240814,3678.830000,1538.184000
240815,3431.390000,1518.510000
240816,3671.380000,1487.730000
240817,3622.290000,1581.480000
240818,3467.160000,1560.995600
240819,3515.180000,1506.435000
240820,3459.540000,1546.830000
240821,3588.930000,1589.350351
240822,3620.630000,1617.350000
240823,3519.630000,1650.430000
240824,3322.120000,1733.620000
240825,2923.370000,1839.700000
240826,2976.650000,1906.920000
240827,2963.090000,1849.610000
240828,3076.110000,1815.890000
240829,3084.350000,1784.940000
240830,3259.160000,1712.920000
240831,3350.760000,1655.460000
240901,3122.550000,1665.390000
240902,3282.900000,1692.780000
240903,3331.540000,1683.220000
240904,3172.850000,1726.170000
240905,3129.370000,1805.040000
240906,3197,1791
240907,3152.520000,1733.536000
240908,3062.290000,1711.810000
240909,3236.790000,1793.572000
240910,3242.679000,1818.040000
240911,3226.070000,1783.830000
240912,3125.080000,1829.347000
240913,3121.570000,1843.800000
240914,3133.420000,1810.071000
240915,3066.210000,1761.620000
240916,3279.840000,1747.020000
240917,3346.110000,1684.080000
240918,3465.520000,1633.670000
240919,3590.700000,1663.410000
240920,3744.310000,1660.580000
240921,3762.990000,1817.110000
240922,3697.630000,1584.410000
240923,3838.370000,1638.150000
240924,3836.100000,1655.310000
240925,3707.410000,1654.590000
240926,3491.210000,1618.740000
240927,3352.810000,1594.850000
240928,3376.270000,1489.890000
240929,3450.390000,1359.520000
240930,3712.020000,1422.864000
241001,3797.900000,1482.770000
241002,3724.700000,1422.880000
241003,3752.560000,1530.040000
241004,3809.670000,1540.920000
241005,3776.150000,1430.890000
241006,3628.170000,1290.550000
241007,3790.290000,1356
241008,3877.520000,1360.981800
241009,3886,1299
241010,3734.880000,1305.210000
241011,3659.460000,1253.250000
241012,3313.740000,1208.560000
241013,3307.430000,1163.957000
241014,3691.550000,1105.450000
241015,3670.010000,1149.380000
241016,3619.460000,1175.080000
241017,3594.620000,1217.040000
241018,3645.470000,1240.350000
241019,3692.220000,1148.500000
241020,3487.350000,1113.154000
241021,3638.420000,1138.945000
241022,3648.530000,1172.110000
241023,3664.060000,1147.020000
241024,3606.620000,1142.360000
241025,3535.100000,1159.230000
241026,3535.840000,1144.470000
241027,3472.220000,1152.130000
241028,3704.270000,1173.730000
241029,3804.420000,1166.190000
241030,3768.850000,1113.500000
241031,3337.380000,1072.452000
241101,3130.480000,1015.220000
241102,3096.270000,1035.700000
241103,3111.350000,1022.810000
241104,3405.350000,1032.850000
241105,3528,1051.910000
241106,3601.430000,1062.590000
241107,3644.940000,1035.090000
241108,3687.490000,1135.830000
241109,3681.700000,1047.910000
241110,3534.530000,1023.400000
241111,3659.263000,1057.565000
241112,3736,993
241113,3701,998
241114,3722.220000,958.540000
241115,3703.240000,905.570000
241116,3584.670000,939.640000
241117,3362.420000,974.970000
241118,3541.110000,1128.520000
241119,3528.468000,1000.190000
241120,3466.720000,1004.400000
241121,3525.210000,977.040000
241122,3530.420000,993.330000
241123,3556.184000,965.740000
241124,3416.140000,946.390000
241125,3485.510000,1003.280000
241126,3550,959.890000
241127,3540.680000,961.160000
241128,3454.340000,1005.770000
241129,3505.674000,1029.830000
241130,3413.860000,1028.460000
241201,3217.069000,985.540000
241202,3357.920000,1017.390000
241203,3389.470000,1061.450000
241204,3403.610000,1092.930000
241205,3523.230000,1028.130000
241206,3604.050000,993.700000
241207,3562.280000,975.650000
241208,3399.220000,977.360000
241209,3460.270000,1076.730000
241210,3498.580000,1091.190000
241211,3512.680000,1081.330000
241212,3493.940000,1074.110000
241213,3452.800000,1128.350000
241214,3391.260000,1128.070000
241215,3296.800000,1086.860000
241216,3483.900000,1063.840000
241217,3564.130000,1102.040000
241218,3629.230000,1148.770000
241219,3698.580000,1068.139000
241220,3697.490000,1144.310000
241221,3724.130000,1043.611000
241222,3703.830000,934.170000
241223,3773.600000,963.430000
241224,3742.830000,1024.170000
241225,3696.040000,1012.240000
241226,3765.440000,955.050000
241227,3604.360000,969.650000
241228,3383.870000,1007.730000
241229,3327.179000,1027.230000
241230,3518.070000,1045.110000
241231,3610.460000,1035.080000
250101,3831.470000,1262.650000
250102,3629.880000,1015.630000
250103,3752.880000,1052.410000
250104,3708.160000,1036.420000
250105,3618.770000,995.790000
250106,3640.750000,1135.840000
250107,3706.980000,1169.780000
250108,3753.110000,1111.690000
250109,3773.530000,1110.090000
250110,3857.040000,1120.760000
250111,3831.230000,1022.533000
250112,3630.200000,1004.060000
250113,3647.590000,1075.370000
250114,3459.780000,1088.560000
250115,3474.260000,1107.530000
250116,3584.950000,1125.430000
250117,3628.610000,1180.920000
250118,3742.200000,1077.210000
250119,3697.470000,948.510000
250120,3771.850000,1018.700000
250121,3818.970000,1090.050000
250122,3819.920000,1080.310000
250123,3702.810000,1176.240000
250124,3710.900000,1231.224000
250125,3800.390000,1147.200000
250126,3588.140000,1092.960000
250127,3833.840000,1076.380000
250128,3952.120000,1091.890000
250129,3944.130000,1115.470000
250130,3988.160000,1090.830000
250131,4002.060000,1101.095000
250201,3945.480000,1080.570000
250202,3745.350000,1098.090000
250203,3910.080000,1104.900000
250204,3911.920000,1151.580000
250205,3894.320000,1174.810000
250206,3831,1263
250207,3859.380000,1257.860000
250208,3934,1175
250209,3842.800000,1101.040000
250210,4001.970000,1107.040000
250211,4001.990000,1146.610000
250212,4042.810000,1115.630000
250213,4008.020000,1123.980000
250214,4027.940000,1109.880000
250215,3932.170000,1177.180000
250216,3837.650000,1110.260000
250217,4002.700000,1132.258000
250218,4078.170000,1127.720000
250219,4111,1094
250220,3987.680000,1106.879160
250221,4066.810000,1109.740000
250222,4076.940000,1105.980000
250223,3915.240000,1075.650000
250224,3974.730000,1148.680000
250225,4100.570000,1088.650000
250226,4037.080000,1097.920000
250227,4044.790000,1076.040000
250228,3963.290000,1193.640000
250301,3865.380000,1230.890000
250302,3784.720000,1148.460000
250303,3933.530000,1213.260000
250304,3873.470000,1330.350000
250305,3832,1301
250306,3989.250000,1163.470000
250307,4094.970000,1164.230000
250308,4142.930000,1148.680000
250309,4028.080000,1140.590000
250310,4105.230000,1202.330000
250311,4187.030000,1172
250312,4155.450000,1149.820000
250313,4074.050000,1217.880000
250314,3639.930000,1130.610000
250315,3720.410000,1166.410000
250316,3861.520000,1150.170000
250317,4069.110000,1190.530000
250318,4076.060000,1244.130000
250319,4105.200000,1265.360000
250320,4089.650000,1219.290000
250321,4049.210000,1226.150000
250322,3922.710000,1190.284000
250323,3783.980000,1146.080000
250324,3975.910000,1211.159600
250325,4038.040000,1240.640000
250326,4039.420000,1291.410000
250327,4078.210000,1304.290000
250328,4053.210000,1516.390000
250329,3935.250000,1309.930000
250330,3849.270000,1227.410000
250331,3909.940000,1237.440000
250401,3932.370000,1224.133000
250402,3979.020000,1194.920000
250403,3956.200000,1155.800000
250404,3889.450000,1176.230000
250405,3924.260000,1193.760000
250406,3717.740000,1269.130000
250407,3901.270000,1351.950000
250408,4058.770000,1345.350000
250409,4102.145000,1364.338000
250410,3826.580000,1396.540000
250411,3622.360000,1430.630000
250412,3711.460000,1334.530000
250413,3625.850000,1269.310000
250414,3759.020000,1337.950000
250415,3887.390000,1368.370000
250416,3977.500000,1368.210000
250417,3980.030000,1364.511000
250418,3871,1441.430000
250419,3769.790000,1495.070000
250420,3867.500000,1386.500000
250421,4110.860000,1360.010000
250422,4163.530000,1448.610000
250423,4125.370000,1492.210000
250424,4138.690000,1513.950000
250425,4209.970000,1501
250426,4178.470000,1428.370000
250427,3980.680000,1314.320000
250428,4048.190000,1390.480000
250429,3979.150000,1475.080000
250430,3945.690000,1537.438000
250501,3769.430000,1466.370000
250502,3680.740000,1429.110000
250503,3754.600000,1464.435000
250504,3560.220000,1360.320000
250505,3622.830000,1357.100000
250506,3573.390000,1336.550000
250507,3632.550000,1342.270000
250508,3728.360000,1343.780000
250509,3866,1352
250510,3940.310000,1356.583000
250511,3700.520000,1358.585000
250512,3857.520000,1469.420000
250513,3903.960000,1508.040000
250514,3969.950000,1488.082000
250515,4058.090000,1486.630000
250516,3915.490000,1591.830000
250517,3830.939000,1533.950000
250518,3752.180000,1430.820000
250519,3907.370000,1478.373700
250520,3921.190000,1526.950000
250521,3677.050000,1548.730000
250522,3379.260000,1565.990000
250523,3606.680000,1625.020000
250524,3493.030000,1646.660000
250525,3112.030000,1524.040000
250526,3331.680000,1608.940000
250527,3373.250000,1753.971400
250528,3454.720000,1729.060000
250529,3473.920000,1685.700000
250530,3268.730000,1794.070000
250531,3207.090000,1894.930000
250601,3176.030000,1710.360000
250602,3418.880000,1750.273000
250603,3413.350000,1733.650000
250604,3218.780000,1622.010000
250605,3705.380000,1532.620000
250606,3885.760000,1562.110000
250607,3850.780000,1693.510000
250608,3734.640000,1705.620000
250609,3938.970000,1806.860000
250610,4167.650000,1884.410000
250611,3994.680000,1855.580000
250612,4023.100000,1842.400000
250613,4176,1757.840000
250614,4089.950000,1695.980000
250615,3725.140000,1569.260000
250616,3610.200000,1721.290000
250617,3458.240000,1738.260000
250618,3336.710000,1870.230000
250619,3299.050000,1945.950000
250620,3301.330000,1954.670000
250621,3433.240000,1886.630000
250622,3332.200000,1820.844200
250623,3455.040000,1811.400000
250624,3400.600000,1911.680000
250625,3543.390000,1759.620000
250626,3577.610000,1686.864000
250627,3576.200000,1789.625000
250628,3545.610000,1827.857000
250629,3195.690000,1809.800000
250630,3181.130000,1893.170000
250701,3235.340000,1859.000000
250702,3395.730000,1834.670000
250703,3522.700000,1793.590000
250704,3501.520000,1862.630000
250705,3430.940000,1955.010000
250706,3191.190000,1923.810000
250707,3290.990000,1944.010000
250708,3440.840000,1948.493000
250709,3376.560000,1949.610000
250710,3358.690000,1874.400000
250711,3532.640000,1850.210000
250712,3518.330000,1907.150000
250713,3334.510000,1869.210000
250714,3284.940000,1949.780000
250715,3341.730000,1923.565700
250716,3437.370000,1863.080000
250717,3510.670000,1809.170000
250718,3598.800000,1755.610000
250719,3639.230000,1777.610000
250720,3526.400000,1760.860000
250721,3712.910000,1734.500000
250722,3590.660000,1819.369000
250723,3448.020000,1938.480000
250724,3467.250000,1921.250000
250725,3434.010000,1913.860000
250726,3214.050000,2008.330000
250727,3124.800000,1982.940000
250728,3269.030000,2056.490000
250729,3207.660000,2090.880000
250730,3311.940000,2019.860000
250731,3364.540000,1881.220000
250801,3510.340000,1780.853000
250802,3513.360000,1871.770000
250803,3436.910000,1795.070000
250804,3510.510000,1814.850000
250805,3574.680000,1852.790000
250806,3636.270000,1803.490000
250807,3681.960000,1864.735600
250808,3707.927000,1835.298000
250809,3437.610000,1747.489000
250810,3305.860000,1768.074000
250811,3449.040000,1904.679000
250812,3470.990000,1938.050000
250813,3601.380000,1827.130000
250814,3571.240000,1641.131360
250815,3240.620000,1689.140000
250816,3301.080000,1783.310000
250817,3159.450000,1835.883800
250818,3255.960000,1894.930000
250819,3299.740000,1913.860000
250820,3271.290000,1946.820000
250821,3414.320000,1863.070000
250822,3377.140000,1948.080000
250823,3218.400000,1963.196000
250824,2965.130000,1845.210000
250825,3111.370000,1848.971000
250826,3244.690000,1834.180000
250827,3272.070000,1727.650000
250828,3290.850000,1833.701000
250829,3289.330000,1822.960000
250830,3341.330000,1769.351000
250831,3042.850000,1767.011000
250901,2929.270000,1866.590000
250902,2866.920000,1868.050000
250903,2931.330000,1919.300000
250904,2954.940000,1913.980000
250905,3036.490000,1909.680000
