{
	"fields": [
		{
			"name": "YYYYMM",
			"title": "Month",
			"type": "number"
		},
		{
			"name": "WLD.27011100",
			"type": "number",
			"organisation": "Department of Commerce",
			"source": "System On India's Monthly Trade",
			"URI": "https://commerce-app.gov.in/meidb/Default.asp",
			"geography": "India",
			"units": "Millions of tonnes",
			"title": "Imports from World of ANTHRCITE COAL W/N PULVRSD BUT NT AGLOMRTD"
		},
		{
			"name": "WLD.27011200",
			"type": "number",
			"organisation": "Department of Commerce",
			"source": "System On India's Monthly Trade",
			"URI": "https://commerce-app.gov.in/meidb/Default.asp",
			"geography": "India",
			"units": "Millions of tonnes",
			"title": "Imports from World of BITUMNS COAL W/N PULVRSD BUT NT AGLOMRTD"
		},
		{
			"name": "WLD.27011910",
			"type": "number",
			"organisation": "Department of Commerce",
			"source": "System On India's Monthly Trade",
			"URI": "https://commerce-app.gov.in/meidb/Default.asp",
			"geography": "India",
			"units": "Millions of tonnes",
			"title": "Imports from World of COKING COAL"
		},
		{
			"name": "WLD.27011920",
			"type": "number",
			"organisation": "Department of Commerce",
			"source": "System On India's Monthly Trade",
			"URI": "https://commerce-app.gov.in/meidb/Default.asp",
			"geography": "India",
			"units": "Millions of tonnes",
			"title": "Imports from World of STEAM COAL"
		},
		{
			"name": "WLD.27011990",
			"type": "number",
			"organisation": "Department of Commerce",
			"source": "System On India's Monthly Trade",
			"URI": "https://commerce-app.gov.in/meidb/Default.asp",
			"geography": "India",
			"units": "Millions of tonnes",
			"title": "Imports from World of OTHER COAL W/N PULVRSD BUT NTAGLDMRTD"
		},
		{
			"name": "WLD.27040090",
			"type": "number",
			"organisation": "Department of Commerce",
			"source": "System On India's Monthly Trade",
			"URI": "https://commerce-app.gov.in/meidb/Default.asp",
			"geography": "India",
			"units": "Millions of tonnes",
			"title": "Imports from World of OTHER COKES OF COAL"
		},
		{
			"name": "WLD.27040030",
			"type": "number",
			"organisation": "Department of Commerce",
			"source": "System On India's Monthly Trade",
			"URI": "https://commerce-app.gov.in/meidb/Default.asp",
			"geography": "India",
			"units": "Millions of tonnes",
			"title": "Imports from World of HARD COKE OF COAL"
		},
		{
			"name": "WLD.27040010",
			"type": "number",
			"organisation": "Department of Commerce",
			"source": "System On India's Monthly Trade",
			"URI": "https://commerce-app.gov.in/meidb/Default.asp",
			"geography": "India",
			"units": "Millions of tonnes",
			"title": "Imports from World of RETORT CARBON (GAS CARBON)"
		},
		{
			"name": "WLD.27040020",
			"type": "number",
			"organisation": "Department of Commerce",
			"source": "System On India's Monthly Trade",
			"URI": "https://commerce-app.gov.in/meidb/Default.asp",
			"geography": "India",
			"units": "Millions of tonnes",
			"title": "Imports from World of COKE AND SEMI-COKE OF LIGNITE OR OF PEAT"
		},
		{
			"name": "WLD.27012090",
			"type": "number",
			"organisation": "Department of Commerce",
			"source": "System On India's Monthly Trade",
			"URI": "https://commerce-app.gov.in/meidb/Default.asp",
			"geography": "India",
			"units": "Millions of tonnes",
			"title": "Imports from World of OTHER SOLID FUELS FROM COAL"
		},
		{
			"name": "WLD.27021000",
			"type": "number",
			"organisation": "Department of Commerce",
			"source": "System On India's Monthly Trade",
			"URI": "https://commerce-app.gov.in/meidb/Default.asp",
			"geography": "India",
			"units": "Millions of tonnes",
			"title": "Imports from World of LIGNITE W/N PULVRSD BUT NOT AGLOMRTD"
		},
		{
			"name": "WLD.27030010",
			"type": "number",
			"organisation": "Department of Commerce",
			"source": "System On India's Monthly Trade",
			"URI": "https://commerce-app.gov.in/meidb/Default.asp",
			"geography": "India",
			"units": "Millions of tonnes",
			"title": "Imports from World of PEAT W/N CMPRSSD INTO BALS BT NT AGLMRTD"
		},
		{
			"name": "WLD.27030090",
			"type": "number",
			"organisation": "Department of Commerce",
			"source": "System On India's Monthly Trade",
			"URI": "https://commerce-app.gov.in/meidb/Default.asp",
			"geography": "India",
			"units": "Millions of tonnes",
			"title": "Imports from World of OTHER PEAT W/N AGLOMRTD"
		},
		{
			"name": "WLD.27040040",
			"type": "number",
			"organisation": "Department of Commerce",
			"source": "System On India's Monthly Trade",
			"URI": "https://commerce-app.gov.in/meidb/Default.asp",
			"geography": "India",
			"units": "Millions of tonnes",
			"title": "Imports from World of SOFT COKE OF COAL"
		},
		{
			"name": "WLD.27022000",
			"type": "number",
			"organisation": "Department of Commerce",
			"source": "System On India's Monthly Trade",
			"URI": "https://commerce-app.gov.in/meidb/Default.asp",
			"geography": "India",
			"units": "Millions of tonnes",
			"title": "Imports from World of AGGLOMERATED LIGNITE"
		},
		{
			"name": "WLD.27012010",
			"type": "number",
			"organisation": "Department of Commerce",
			"source": "System On India's Monthly Trade",
			"URI": "https://commerce-app.gov.in/meidb/Default.asp",
			"geography": "India",
			"units": "Millions of tonnes",
			"title": "Imports from World of ANTHRACITE AGGLOMERATED"
		},
		{
			"name": "ARE.27011100",
			"type": "number",
			"organisation": "Department of Commerce",
			"source": "System On India's Monthly Trade",
			"URI": "https://commerce-app.gov.in/meidb/Default.asp",
			"geography": "India",
			"units": "Millions of tonnes",
			"title": "Imports from United Arab Emirates of ANTHRCITE COAL W/N PULVRSD BUT NT AGLOMRTD"
		},
		{
			"name": "ARE.27011200",
			"type": "number",
			"organisation": "Department of Commerce",
			"source": "System On India's Monthly Trade",
			"URI": "https://commerce-app.gov.in/meidb/Default.asp",
			"geography": "India",
			"units": "Millions of tonnes",
			"title": "Imports from United Arab Emirates of BITUMNS COAL W/N PULVRSD BUT NT AGLOMRTD"
		},
		{
			"name": "ARE.27011910",
			"type": "number",
			"organisation": "Department of Commerce",
			"source": "System On India's Monthly Trade",
			"URI": "https://commerce-app.gov.in/meidb/Default.asp",
			"geography": "India",
			"units": "Millions of tonnes",
			"title": "Imports from United Arab Emirates of COKING COAL"
		},
		{
			"name": "ARE.27011920",
			"type": "number",
			"organisation": "Department of Commerce",
			"source": "System On India's Monthly Trade",
			"URI": "https://commerce-app.gov.in/meidb/Default.asp",
			"geography": "India",
			"units": "Millions of tonnes",
			"title": "Imports from United Arab Emirates of STEAM COAL"
		},
		{
			"name": "ARE.27011990",
			"type": "number",
			"organisation": "Department of Commerce",
			"source": "System On India's Monthly Trade",
			"URI": "https://commerce-app.gov.in/meidb/Default.asp",
			"geography": "India",
			"units": "Millions of tonnes",
			"title": "Imports from United Arab Emirates of OTHER COAL W/N PULVRSD BUT NTAGLDMRTD"
		},
		{
			"name": "ARE.27040090",
			"type": "number",
			"organisation": "Department of Commerce",
			"source": "System On India's Monthly Trade",
			"URI": "https://commerce-app.gov.in/meidb/Default.asp",
			"geography": "India",
			"units": "Millions of tonnes",
			"title": "Imports from United Arab Emirates of OTHER COKES OF COAL"
		},
		{
			"name": "ARE.27040030",
			"type": "number",
			"organisation": "Department of Commerce",
			"source": "System On India's Monthly Trade",
			"URI": "https://commerce-app.gov.in/meidb/Default.asp",
			"geography": "India",
			"units": "Millions of tonnes",
			"title": "Imports from United Arab Emirates of HARD COKE OF COAL"
		},
		{
			"name": "ARE.27040010",
			"type": "number",
			"organisation": "Department of Commerce",
			"source": "System On India's Monthly Trade",
			"URI": "https://commerce-app.gov.in/meidb/Default.asp",
			"geography": "India",
			"units": "Millions of tonnes",
			"title": "Imports from United Arab Emirates of RETORT CARBON (GAS CARBON)"
		},
		{
			"name": "ARE.27040020",
			"type": "number",
			"organisation": "Department of Commerce",
			"source": "System On India's Monthly Trade",
			"URI": "https://commerce-app.gov.in/meidb/Default.asp",
			"geography": "India",
			"units": "Millions of tonnes",
			"title": "Imports from United Arab Emirates of COKE AND SEMI-COKE OF LIGNITE OR OF PEAT"
		},
		{
			"name": "ARE.27012090",
			"type": "number",
			"organisation": "Department of Commerce",
			"source": "System On India's Monthly Trade",
			"URI": "https://commerce-app.gov.in/meidb/Default.asp",
			"geography": "India",
			"units": "Millions of tonnes",
			"title": "Imports from United Arab Emirates of OTHER SOLID FUELS FROM COAL"
		},
		{
			"name": "ARE.27021000",
			"type": "number",
			"organisation": "Department of Commerce",
			"source": "System On India's Monthly Trade",
			"URI": "https://commerce-app.gov.in/meidb/Default.asp",
			"geography": "India",
			"units": "Millions of tonnes",
			"title": "Imports from United Arab Emirates of LIGNITE W/N PULVRSD BUT NOT AGLOMRTD"
		},
		{
			"name": "ARE.27030010",
			"type": "number",
			"organisation": "Department of Commerce",
			"source": "System On India's Monthly Trade",
			"URI": "https://commerce-app.gov.in/meidb/Default.asp",
			"geography": "India",
			"units": "Millions of tonnes",
			"title": "Imports from United Arab Emirates of PEAT W/N CMPRSSD INTO BALS BT NT AGLMRTD"
		},
		{
			"name": "ARE.27030090",
			"type": "number",
			"organisation": "Department of Commerce",
			"source": "System On India's Monthly Trade",
			"URI": "https://commerce-app.gov.in/meidb/Default.asp",
			"geography": "India",
			"units": "Millions of tonnes",
			"title": "Imports from United Arab Emirates of OTHER PEAT W/N AGLOMRTD"
		},
		{
			"name": "ARE.27040040",
			"type": "number",
			"organisation": "Department of Commerce",
			"source": "System On India's Monthly Trade",
			"URI": "https://commerce-app.gov.in/meidb/Default.asp",
			"geography": "India",
			"units": "Millions of tonnes",
			"title": "Imports from United Arab Emirates of SOFT COKE OF COAL"
		},
		{
			"name": "ARE.27022000",
			"type": "number",
			"organisation": "Department of Commerce",
			"source": "System On India's Monthly Trade",
			"URI": "https://commerce-app.gov.in/meidb/Default.asp",
			"geography": "India",
			"units": "Millions of tonnes",
			"title": "Imports from United Arab Emirates of AGGLOMERATED LIGNITE"
		},
		{
			"name": "ARE.27012010",
			"type": "number",
			"organisation": "Department of Commerce",
			"source": "System On India's Monthly Trade",
			"URI": "https://commerce-app.gov.in/meidb/Default.asp",
			"geography": "India",
			"units": "Millions of tonnes",
			"title": "Imports from United Arab Emirates of ANTHRACITE AGGLOMERATED"
		},
		{
			"name": "AUS.27011100",
			"type": "number",
			"organisation": "Department of Commerce",
			"source": "System On India's Monthly Trade",
			"URI": "https://commerce-app.gov.in/meidb/Default.asp",
			"geography": "India",
			"units": "Millions of tonnes",
			"title": "Imports from Australia of ANTHRCITE COAL W/N PULVRSD BUT NT AGLOMRTD"
		},
		{
			"name": "AUS.27011200",
			"type": "number",
			"organisation": "Department of Commerce",
			"source": "System On India's Monthly Trade",
			"URI": "https://commerce-app.gov.in/meidb/Default.asp",
			"geography": "India",
			"units": "Millions of tonnes",
			"title": "Imports from Australia of BITUMNS COAL W/N PULVRSD BUT NT AGLOMRTD"
		},
		{
			"name": "AUS.27011910",
			"type": "number",
			"organisation": "Department of Commerce",
			"source": "System On India's Monthly Trade",
			"URI": "https://commerce-app.gov.in/meidb/Default.asp",
			"geography": "India",
			"units": "Millions of tonnes",
			"title": "Imports from Australia of COKING COAL"
		},
		{
			"name": "AUS.27011920",
			"type": "number",
			"organisation": "Department of Commerce",
			"source": "System On India's Monthly Trade",
			"URI": "https://commerce-app.gov.in/meidb/Default.asp",
			"geography": "India",
			"units": "Millions of tonnes",
			"title": "Imports from Australia of STEAM COAL"
		},
		{
			"name": "AUS.27011990",
			"type": "number",
			"organisation": "Department of Commerce",
			"source": "System On India's Monthly Trade",
			"URI": "https://commerce-app.gov.in/meidb/Default.asp",
			"geography": "India",
			"units": "Millions of tonnes",
			"title": "Imports from Australia of OTHER COAL W/N PULVRSD BUT NTAGLDMRTD"
		},
		{
			"name": "AUS.27040090",
			"type": "number",
			"organisation": "Department of Commerce",
			"source": "System On India's Monthly Trade",
			"URI": "https://commerce-app.gov.in/meidb/Default.asp",
			"geography": "India",
			"units": "Millions of tonnes",
			"title": "Imports from Australia of OTHER COKES OF COAL"
		},
		{
			"name": "AUS.27040030",
			"type": "number",
			"organisation": "Department of Commerce",
			"source": "System On India's Monthly Trade",
			"URI": "https://commerce-app.gov.in/meidb/Default.asp",
			"geography": "India",
			"units": "Millions of tonnes",
			"title": "Imports from Australia of HARD COKE OF COAL"
		},
		{
			"name": "AUS.27040010",
			"type": "number",
			"organisation": "Department of Commerce",
			"source": "System On India's Monthly Trade",
			"URI": "https://commerce-app.gov.in/meidb/Default.asp",
			"geography": "India",
			"units": "Millions of tonnes",
			"title": "Imports from Australia of RETORT CARBON (GAS CARBON)"
		},
		{
			"name": "AUS.27040020",
			"type": "number",
			"organisation": "Department of Commerce",
			"source": "System On India's Monthly Trade",
			"URI": "https://commerce-app.gov.in/meidb/Default.asp",
			"geography": "India",
			"units": "Millions of tonnes",
			"title": "Imports from Australia of COKE AND SEMI-COKE OF LIGNITE OR OF PEAT"
		},
		{
			"name": "AUS.27012090",
			"type": "number",
			"organisation": "Department of Commerce",
			"source": "System On India's Monthly Trade",
			"URI": "https://commerce-app.gov.in/meidb/Default.asp",
			"geography": "India",
			"units": "Millions of tonnes",
			"title": "Imports from Australia of OTHER SOLID FUELS FROM COAL"
		},
		{
			"name": "AUS.27021000",
			"type": "number",
			"organisation": "Department of Commerce",
			"source": "System On India's Monthly Trade",
			"URI": "https://commerce-app.gov.in/meidb/Default.asp",
			"geography": "India",
			"units": "Millions of tonnes",
			"title": "Imports from Australia of LIGNITE W/N PULVRSD BUT NOT AGLOMRTD"
		},
		{
			"name": "AUS.27030010",
			"type": "number",
			"organisation": "Department of Commerce",
			"source": "System On India's Monthly Trade",
			"URI": "https://commerce-app.gov.in/meidb/Default.asp",
			"geography": "India",
			"units": "Millions of tonnes",
			"title": "Imports from Australia of PEAT W/N CMPRSSD INTO BALS BT NT AGLMRTD"
		},
		{
			"name": "AUS.27030090",
			"type": "number",
			"organisation": "Department of Commerce",
			"source": "System On India's Monthly Trade",
			"URI": "https://commerce-app.gov.in/meidb/Default.asp",
			"geography": "India",
			"units": "Millions of tonnes",
			"title": "Imports from Australia of OTHER PEAT W/N AGLOMRTD"
		},
		{
			"name": "AUS.27040040",
			"type": "number",
			"organisation": "Department of Commerce",
			"source": "System On India's Monthly Trade",
			"URI": "https://commerce-app.gov.in/meidb/Default.asp",
			"geography": "India",
			"units": "Millions of tonnes",
			"title": "Imports from Australia of SOFT COKE OF COAL"
		},
		{
			"name": "AUS.27022000",
			"type": "number",
			"organisation": "Department of Commerce",
			"source": "System On India's Monthly Trade",
			"URI": "https://commerce-app.gov.in/meidb/Default.asp",
			"geography": "India",
			"units": "Millions of tonnes",
			"title": "Imports from Australia of AGGLOMERATED LIGNITE"
		},
		{
			"name": "AUS.27012010",
			"type": "number",
			"organisation": "Department of Commerce",
			"source": "System On India's Monthly Trade",
			"URI": "https://commerce-app.gov.in/meidb/Default.asp",
			"geography": "India",
			"units": "Millions of tonnes",
			"title": "Imports from Australia of ANTHRACITE AGGLOMERATED"
		},
		{
			"name": "CAN.27011100",
			"type": "number",
			"organisation": "Department of Commerce",
			"source": "System On India's Monthly Trade",
			"URI": "https://commerce-app.gov.in/meidb/Default.asp",
			"geography": "India",
			"units": "Millions of tonnes",
			"title": "Imports from Canada of ANTHRCITE COAL W/N PULVRSD BUT NT AGLOMRTD"
		},
		{
			"name": "CAN.27011200",
			"type": "number",
			"organisation": "Department of Commerce",
			"source": "System On India's Monthly Trade",
			"URI": "https://commerce-app.gov.in/meidb/Default.asp",
			"geography": "India",
			"units": "Millions of tonnes",
			"title": "Imports from Canada of BITUMNS COAL W/N PULVRSD BUT NT AGLOMRTD"
		},
		{
			"name": "CAN.27011910",
			"type": "number",
			"organisation": "Department of Commerce",
			"source": "System On India's Monthly Trade",
			"URI": "https://commerce-app.gov.in/meidb/Default.asp",
			"geography": "India",
			"units": "Millions of tonnes",
			"title": "Imports from Canada of COKING COAL"
		},
		{
			"name": "CAN.27011920",
			"type": "number",
			"organisation": "Department of Commerce",
			"source": "System On India's Monthly Trade",
			"URI": "https://commerce-app.gov.in/meidb/Default.asp",
			"geography": "India",
			"units": "Millions of tonnes",
			"title": "Imports from Canada of STEAM COAL"
		},
		{
			"name": "CAN.27011990",
			"type": "number",
			"organisation": "Department of Commerce",
			"source": "System On India's Monthly Trade",
			"URI": "https://commerce-app.gov.in/meidb/Default.asp",
			"geography": "India",
			"units": "Millions of tonnes",
			"title": "Imports from Canada of OTHER COAL W/N PULVRSD BUT NTAGLDMRTD"
		},
		{
			"name": "CAN.27040090",
			"type": "number",
			"organisation": "Department of Commerce",
			"source": "System On India's Monthly Trade",
			"URI": "https://commerce-app.gov.in/meidb/Default.asp",
			"geography": "India",
			"units": "Millions of tonnes",
			"title": "Imports from Canada of OTHER COKES OF COAL"
		},
		{
			"name": "CAN.27040030",
			"type": "number",
			"organisation": "Department of Commerce",
			"source": "System On India's Monthly Trade",
			"URI": "https://commerce-app.gov.in/meidb/Default.asp",
			"geography": "India",
			"units": "Millions of tonnes",
			"title": "Imports from Canada of HARD COKE OF COAL"
		},
		{
			"name": "CAN.27040010",
			"type": "number",
			"organisation": "Department of Commerce",
			"source": "System On India's Monthly Trade",
			"URI": "https://commerce-app.gov.in/meidb/Default.asp",
			"geography": "India",
			"units": "Millions of tonnes",
			"title": "Imports from Canada of RETORT CARBON (GAS CARBON)"
		},
		{
			"name": "CAN.27040020",
			"type": "number",
			"organisation": "Department of Commerce",
			"source": "System On India's Monthly Trade",
			"URI": "https://commerce-app.gov.in/meidb/Default.asp",
			"geography": "India",
			"units": "Millions of tonnes",
			"title": "Imports from Canada of COKE AND SEMI-COKE OF LIGNITE OR OF PEAT"
		},
		{
			"name": "CAN.27012090",
			"type": "number",
			"organisation": "Department of Commerce",
			"source": "System On India's Monthly Trade",
			"URI": "https://commerce-app.gov.in/meidb/Default.asp",
			"geography": "India",
			"units": "Millions of tonnes",
			"title": "Imports from Canada of OTHER SOLID FUELS FROM COAL"
		},
		{
			"name": "CAN.27021000",
			"type": "number",
			"organisation": "Department of Commerce",
			"source": "System On India's Monthly Trade",
			"URI": "https://commerce-app.gov.in/meidb/Default.asp",
			"geography": "India",
			"units": "Millions of tonnes",
			"title": "Imports from Canada of LIGNITE W/N PULVRSD BUT NOT AGLOMRTD"
		},
		{
			"name": "CAN.27030010",
			"type": "number",
			"organisation": "Department of Commerce",
			"source": "System On India's Monthly Trade",
			"URI": "https://commerce-app.gov.in/meidb/Default.asp",
			"geography": "India",
			"units": "Millions of tonnes",
			"title": "Imports from Canada of PEAT W/N CMPRSSD INTO BALS BT NT AGLMRTD"
		},
		{
			"name": "CAN.27030090",
			"type": "number",
			"organisation": "Department of Commerce",
			"source": "System On India's Monthly Trade",
			"URI": "https://commerce-app.gov.in/meidb/Default.asp",
			"geography": "India",
			"units": "Millions of tonnes",
			"title": "Imports from Canada of OTHER PEAT W/N AGLOMRTD"
		},
		{
			"name": "CAN.27040040",
			"type": "number",
			"organisation": "Department of Commerce",
			"source": "System On India's Monthly Trade",
			"URI": "https://commerce-app.gov.in/meidb/Default.asp",
			"geography": "India",
			"units": "Millions of tonnes",
			"title": "Imports from Canada of SOFT COKE OF COAL"
		},
		{
			"name": "CAN.27022000",
			"type": "number",
			"organisation": "Department of Commerce",
			"source": "System On India's Monthly Trade",
			"URI": "https://commerce-app.gov.in/meidb/Default.asp",
			"geography": "India",
			"units": "Millions of tonnes",
			"title": "Imports from Canada of AGGLOMERATED LIGNITE"
		},
		{
			"name": "CAN.27012010",
			"type": "number",
			"organisation": "Department of Commerce",
			"source": "System On India's Monthly Trade",
			"URI": "https://commerce-app.gov.in/meidb/Default.asp",
			"geography": "India",
			"units": "Millions of tonnes",
			"title": "Imports from Canada of ANTHRACITE AGGLOMERATED"
		},
		{
			"name": "CHE.27011100",
			"type": "number",
			"organisation": "Department of Commerce",
			"source": "System On India's Monthly Trade",
			"URI": "https://commerce-app.gov.in/meidb/Default.asp",
			"geography": "India",
			"units": "Millions of tonnes",
			"title": "Imports from Switzerland of ANTHRCITE COAL W/N PULVRSD BUT NT AGLOMRTD"
		},
		{
			"name": "CHE.27011200",
			"type": "number",
			"organisation": "Department of Commerce",
			"source": "System On India's Monthly Trade",
			"URI": "https://commerce-app.gov.in/meidb/Default.asp",
			"geography": "India",
			"units": "Millions of tonnes",
			"title": "Imports from Switzerland of BITUMNS COAL W/N PULVRSD BUT NT AGLOMRTD"
		},
		{
			"name": "CHE.27011910",
			"type": "number",
			"organisation": "Department of Commerce",
			"source": "System On India's Monthly Trade",
			"URI": "https://commerce-app.gov.in/meidb/Default.asp",
			"geography": "India",
			"units": "Millions of tonnes",
			"title": "Imports from Switzerland of COKING COAL"
		},
		{
			"name": "CHE.27011920",
			"type": "number",
			"organisation": "Department of Commerce",
			"source": "System On India's Monthly Trade",
			"URI": "https://commerce-app.gov.in/meidb/Default.asp",
			"geography": "India",
			"units": "Millions of tonnes",
			"title": "Imports from Switzerland of STEAM COAL"
		},
		{
			"name": "CHE.27011990",
			"type": "number",
			"organisation": "Department of Commerce",
			"source": "System On India's Monthly Trade",
			"URI": "https://commerce-app.gov.in/meidb/Default.asp",
			"geography": "India",
			"units": "Millions of tonnes",
			"title": "Imports from Switzerland of OTHER COAL W/N PULVRSD BUT NTAGLDMRTD"
		},
		{
			"name": "CHE.27040090",
			"type": "number",
			"organisation": "Department of Commerce",
			"source": "System On India's Monthly Trade",
			"URI": "https://commerce-app.gov.in/meidb/Default.asp",
			"geography": "India",
			"units": "Millions of tonnes",
			"title": "Imports from Switzerland of OTHER COKES OF COAL"
		},
		{
			"name": "CHE.27040030",
			"type": "number",
			"organisation": "Department of Commerce",
			"source": "System On India's Monthly Trade",
			"URI": "https://commerce-app.gov.in/meidb/Default.asp",
			"geography": "India",
			"units": "Millions of tonnes",
			"title": "Imports from Switzerland of HARD COKE OF COAL"
		},
		{
			"name": "CHE.27040010",
			"type": "number",
			"organisation": "Department of Commerce",
			"source": "System On India's Monthly Trade",
			"URI": "https://commerce-app.gov.in/meidb/Default.asp",
			"geography": "India",
			"units": "Millions of tonnes",
			"title": "Imports from Switzerland of RETORT CARBON (GAS CARBON)"
		},
		{
			"name": "CHE.27040020",
			"type": "number",
			"organisation": "Department of Commerce",
			"source": "System On India's Monthly Trade",
			"URI": "https://commerce-app.gov.in/meidb/Default.asp",
			"geography": "India",
			"units": "Millions of tonnes",
			"title": "Imports from Switzerland of COKE AND SEMI-COKE OF LIGNITE OR OF PEAT"
		},
		{
			"name": "CHE.27012090",
			"type": "number",
			"organisation": "Department of Commerce",
			"source": "System On India's Monthly Trade",
			"URI": "https://commerce-app.gov.in/meidb/Default.asp",
			"geography": "India",
			"units": "Millions of tonnes",
			"title": "Imports from Switzerland of OTHER SOLID FUELS FROM COAL"
		},
		{
			"name": "CHE.27021000",
			"type": "number",
			"organisation": "Department of Commerce",
			"source": "System On India's Monthly Trade",
			"URI": "https://commerce-app.gov.in/meidb/Default.asp",
			"geography": "India",
			"units": "Millions of tonnes",
			"title": "Imports from Switzerland of LIGNITE W/N PULVRSD BUT NOT AGLOMRTD"
		},
		{
			"name": "CHE.27030010",
			"type": "number",
			"organisation": "Department of Commerce",
			"source": "System On India's Monthly Trade",
			"URI": "https://commerce-app.gov.in/meidb/Default.asp",
			"geography": "India",
			"units": "Millions of tonnes",
			"title": "Imports from Switzerland of PEAT W/N CMPRSSD INTO BALS BT NT AGLMRTD"
		},
		{
			"name": "CHE.27030090",
			"type": "number",
			"organisation": "Department of Commerce",
			"source": "System On India's Monthly Trade",
			"URI": "https://commerce-app.gov.in/meidb/Default.asp",
			"geography": "India",
			"units": "Millions of tonnes",
			"title": "Imports from Switzerland of OTHER PEAT W/N AGLOMRTD"
		},
		{
			"name": "CHE.27040040",
			"type": "number",
			"organisation": "Department of Commerce",
			"source": "System On India's Monthly Trade",
			"URI": "https://commerce-app.gov.in/meidb/Default.asp",
			"geography": "India",
			"units": "Millions of tonnes",
			"title": "Imports from Switzerland of SOFT COKE OF COAL"
		},
		{
			"name": "CHE.27022000",
			"type": "number",
			"organisation": "Department of Commerce",
			"source": "System On India's Monthly Trade",
			"URI": "https://commerce-app.gov.in/meidb/Default.asp",
			"geography": "India",
			"units": "Millions of tonnes",
			"title": "Imports from Switzerland of AGGLOMERATED LIGNITE"
		},
		{
			"name": "CHE.27012010",
			"type": "number",
			"organisation": "Department of Commerce",
			"source": "System On India's Monthly Trade",
			"URI": "https://commerce-app.gov.in/meidb/Default.asp",
			"geography": "India",
			"units": "Millions of tonnes",
			"title": "Imports from Switzerland of ANTHRACITE AGGLOMERATED"
		},
		{
			"name": "CHN.27011100",
			"type": "number",
			"organisation": "Department of Commerce",
			"source": "System On India's Monthly Trade",
			"URI": "https://commerce-app.gov.in/meidb/Default.asp",
			"geography": "India",
			"units": "Millions of tonnes",
			"title": "Imports from China of ANTHRCITE COAL W/N PULVRSD BUT NT AGLOMRTD"
		},
		{
			"name": "CHN.27011200",
			"type": "number",
			"organisation": "Department of Commerce",
			"source": "System On India's Monthly Trade",
			"URI": "https://commerce-app.gov.in/meidb/Default.asp",
			"geography": "India",
			"units": "Millions of tonnes",
			"title": "Imports from China of BITUMNS COAL W/N PULVRSD BUT NT AGLOMRTD"
		},
		{
			"name": "CHN.27011910",
			"type": "number",
			"organisation": "Department of Commerce",
			"source": "System On India's Monthly Trade",
			"URI": "https://commerce-app.gov.in/meidb/Default.asp",
			"geography": "India",
			"units": "Millions of tonnes",
			"title": "Imports from China of COKING COAL"
		},
		{
			"name": "CHN.27011920",
			"type": "number",
			"organisation": "Department of Commerce",
			"source": "System On India's Monthly Trade",
			"URI": "https://commerce-app.gov.in/meidb/Default.asp",
			"geography": "India",
			"units": "Millions of tonnes",
			"title": "Imports from China of STEAM COAL"
		},
		{
			"name": "CHN.27011990",
			"type": "number",
			"organisation": "Department of Commerce",
			"source": "System On India's Monthly Trade",
			"URI": "https://commerce-app.gov.in/meidb/Default.asp",
			"geography": "India",
			"units": "Millions of tonnes",
			"title": "Imports from China of OTHER COAL W/N PULVRSD BUT NTAGLDMRTD"
		},
		{
			"name": "CHN.27040090",
			"type": "number",
			"organisation": "Department of Commerce",
			"source": "System On India's Monthly Trade",
			"URI": "https://commerce-app.gov.in/meidb/Default.asp",
			"geography": "India",
			"units": "Millions of tonnes",
			"title": "Imports from China of OTHER COKES OF COAL"
		},
		{
			"name": "CHN.27040030",
			"type": "number",
			"organisation": "Department of Commerce",
			"source": "System On India's Monthly Trade",
			"URI": "https://commerce-app.gov.in/meidb/Default.asp",
			"geography": "India",
			"units": "Millions of tonnes",
			"title": "Imports from China of HARD COKE OF COAL"
		},
		{
			"name": "CHN.27040010",
			"type": "number",
			"organisation": "Department of Commerce",
			"source": "System On India's Monthly Trade",
			"URI": "https://commerce-app.gov.in/meidb/Default.asp",
			"geography": "India",
			"units": "Millions of tonnes",
			"title": "Imports from China of RETORT CARBON (GAS CARBON)"
		},
		{
			"name": "CHN.27040020",
			"type": "number",
			"organisation": "Department of Commerce",
			"source": "System On India's Monthly Trade",
			"URI": "https://commerce-app.gov.in/meidb/Default.asp",
			"geography": "India",
			"units": "Millions of tonnes",
			"title": "Imports from China of COKE AND SEMI-COKE OF LIGNITE OR OF PEAT"
		},
		{
			"name": "CHN.27012090",
			"type": "number",
			"organisation": "Department of Commerce",
			"source": "System On India's Monthly Trade",
			"URI": "https://commerce-app.gov.in/meidb/Default.asp",
			"geography": "India",
			"units": "Millions of tonnes",
			"title": "Imports from China of OTHER SOLID FUELS FROM COAL"
		},
		{
			"name": "CHN.27021000",
			"type": "number",
			"organisation": "Department of Commerce",
			"source": "System On India's Monthly Trade",
			"URI": "https://commerce-app.gov.in/meidb/Default.asp",
			"geography": "India",
			"units": "Millions of tonnes",
			"title": "Imports from China of LIGNITE W/N PULVRSD BUT NOT AGLOMRTD"
		},
		{
			"name": "CHN.27030010",
			"type": "number",
			"organisation": "Department of Commerce",
			"source": "System On India's Monthly Trade",
			"URI": "https://commerce-app.gov.in/meidb/Default.asp",
			"geography": "India",
			"units": "Millions of tonnes",
			"title": "Imports from China of PEAT W/N CMPRSSD INTO BALS BT NT AGLMRTD"
		},
		{
			"name": "CHN.27030090",
			"type": "number",
			"organisation": "Department of Commerce",
			"source": "System On India's Monthly Trade",
			"URI": "https://commerce-app.gov.in/meidb/Default.asp",
			"geography": "India",
			"units": "Millions of tonnes",
			"title": "Imports from China of OTHER PEAT W/N AGLOMRTD"
		},
		{
			"name": "CHN.27040040",
			"type": "number",
			"organisation": "Department of Commerce",
			"source": "System On India's Monthly Trade",
			"URI": "https://commerce-app.gov.in/meidb/Default.asp",
			"geography": "India",
			"units": "Millions of tonnes",
			"title": "Imports from China of SOFT COKE OF COAL"
		},
		{
			"name": "CHN.27022000",
			"type": "number",
			"organisation": "Department of Commerce",
			"source": "System On India's Monthly Trade",
			"URI": "https://commerce-app.gov.in/meidb/Default.asp",
			"geography": "India",
			"units": "Millions of tonnes",
			"title": "Imports from China of AGGLOMERATED LIGNITE"
		},
		{
			"name": "CHN.27012010",
			"type": "number",
			"organisation": "Department of Commerce",
			"source": "System On India's Monthly Trade",
			"URI": "https://commerce-app.gov.in/meidb/Default.asp",
			"geography": "India",
			"units": "Millions of tonnes",
			"title": "Imports from China of ANTHRACITE AGGLOMERATED"
		},
		{
			"name": "COL.27011100",
			"type": "number",
			"organisation": "Department of Commerce",
			"source": "System On India's Monthly Trade",
			"URI": "https://commerce-app.gov.in/meidb/Default.asp",
			"geography": "India",
			"units": "Millions of tonnes",
			"title": "Imports from Colombia of ANTHRCITE COAL W/N PULVRSD BUT NT AGLOMRTD"
		},
		{
			"name": "COL.27011200",
			"type": "number",
			"organisation": "Department of Commerce",
			"source": "System On India's Monthly Trade",
			"URI": "https://commerce-app.gov.in/meidb/Default.asp",
			"geography": "India",
			"units": "Millions of tonnes",
			"title": "Imports from Colombia of BITUMNS COAL W/N PULVRSD BUT NT AGLOMRTD"
		},
		{
			"name": "COL.27011910",
			"type": "number",
			"organisation": "Department of Commerce",
			"source": "System On India's Monthly Trade",
			"URI": "https://commerce-app.gov.in/meidb/Default.asp",
			"geography": "India",
			"units": "Millions of tonnes",
			"title": "Imports from Colombia of COKING COAL"
		},
		{
			"name": "COL.27011920",
			"type": "number",
			"organisation": "Department of Commerce",
			"source": "System On India's Monthly Trade",
			"URI": "https://commerce-app.gov.in/meidb/Default.asp",
			"geography": "India",
			"units": "Millions of tonnes",
			"title": "Imports from Colombia of STEAM COAL"
		},
		{
			"name": "COL.27011990",
			"type": "number",
			"organisation": "Department of Commerce",
			"source": "System On India's Monthly Trade",
			"URI": "https://commerce-app.gov.in/meidb/Default.asp",
			"geography": "India",
			"units": "Millions of tonnes",
			"title": "Imports from Colombia of OTHER COAL W/N PULVRSD BUT NTAGLDMRTD"
		},
		{
			"name": "COL.27040090",
			"type": "number",
			"organisation": "Department of Commerce",
			"source": "System On India's Monthly Trade",
			"URI": "https://commerce-app.gov.in/meidb/Default.asp",
			"geography": "India",
			"units": "Millions of tonnes",
			"title": "Imports from Colombia of OTHER COKES OF COAL"
		},
		{
			"name": "COL.27040030",
			"type": "number",
			"organisation": "Department of Commerce",
			"source": "System On India's Monthly Trade",
			"URI": "https://commerce-app.gov.in/meidb/Default.asp",
			"geography": "India",
			"units": "Millions of tonnes",
			"title": "Imports from Colombia of HARD COKE OF COAL"
		},
		{
			"name": "COL.27040010",
			"type": "number",
			"organisation": "Department of Commerce",
			"source": "System On India's Monthly Trade",
			"URI": "https://commerce-app.gov.in/meidb/Default.asp",
			"geography": "India",
			"units": "Millions of tonnes",
			"title": "Imports from Colombia of RETORT CARBON (GAS CARBON)"
		},
		{
			"name": "COL.27040020",
			"type": "number",
			"organisation": "Department of Commerce",
			"source": "System On India's Monthly Trade",
			"URI": "https://commerce-app.gov.in/meidb/Default.asp",
			"geography": "India",
			"units": "Millions of tonnes",
			"title": "Imports from Colombia of COKE AND SEMI-COKE OF LIGNITE OR OF PEAT"
		},
		{
			"name": "COL.27012090",
			"type": "number",
			"organisation": "Department of Commerce",
			"source": "System On India's Monthly Trade",
			"URI": "https://commerce-app.gov.in/meidb/Default.asp",
			"geography": "India",
			"units": "Millions of tonnes",
			"title": "Imports from Colombia of OTHER SOLID FUELS FROM COAL"
		},
		{
			"name": "COL.27021000",
			"type": "number",
			"organisation": "Department of Commerce",
			"source": "System On India's Monthly Trade",
			"URI": "https://commerce-app.gov.in/meidb/Default.asp",
			"geography": "India",
			"units": "Millions of tonnes",
			"title": "Imports from Colombia of LIGNITE W/N PULVRSD BUT NOT AGLOMRTD"
		},
		{
			"name": "COL.27030010",
			"type": "number",
			"organisation": "Department of Commerce",
			"source": "System On India's Monthly Trade",
			"URI": "https://commerce-app.gov.in/meidb/Default.asp",
			"geography": "India",
			"units": "Millions of tonnes",
			"title": "Imports from Colombia of PEAT W/N CMPRSSD INTO BALS BT NT AGLMRTD"
		},
		{
			"name": "COL.27030090",
			"type": "number",
			"organisation": "Department of Commerce",
			"source": "System On India's Monthly Trade",
			"URI": "https://commerce-app.gov.in/meidb/Default.asp",
			"geography": "India",
			"units": "Millions of tonnes",
			"title": "Imports from Colombia of OTHER PEAT W/N AGLOMRTD"
		},
		{
			"name": "COL.27040040",
			"type": "number",
			"organisation": "Department of Commerce",
			"source": "System On India's Monthly Trade",
			"URI": "https://commerce-app.gov.in/meidb/Default.asp",
			"geography": "India",
			"units": "Millions of tonnes",
			"title": "Imports from Colombia of SOFT COKE OF COAL"
		},
		{
			"name": "COL.27022000",
			"type": "number",
			"organisation": "Department of Commerce",
			"source": "System On India's Monthly Trade",
			"URI": "https://commerce-app.gov.in/meidb/Default.asp",
			"geography": "India",
			"units": "Millions of tonnes",
			"title": "Imports from Colombia of AGGLOMERATED LIGNITE"
		},
		{
			"name": "COL.27012010",
			"type": "number",
			"organisation": "Department of Commerce",
			"source": "System On India's Monthly Trade",
			"URI": "https://commerce-app.gov.in/meidb/Default.asp",
			"geography": "India",
			"units": "Millions of tonnes",
			"title": "Imports from Colombia of ANTHRACITE AGGLOMERATED"
		},
		{
			"name": "IDN.27011100",
			"type": "number",
			"organisation": "Department of Commerce",
			"source": "System On India's Monthly Trade",
			"URI": "https://commerce-app.gov.in/meidb/Default.asp",
			"geography": "India",
			"units": "Millions of tonnes",
			"title": "Imports from Indonesia of ANTHRCITE COAL W/N PULVRSD BUT NT AGLOMRTD"
		},
		{
			"name": "IDN.27011200",
			"type": "number",
			"organisation": "Department of Commerce",
			"source": "System On India's Monthly Trade",
			"URI": "https://commerce-app.gov.in/meidb/Default.asp",
			"geography": "India",
			"units": "Millions of tonnes",
			"title": "Imports from Indonesia of BITUMNS COAL W/N PULVRSD BUT NT AGLOMRTD"
		},
		{
			"name": "IDN.27011910",
			"type": "number",
			"organisation": "Department of Commerce",
			"source": "System On India's Monthly Trade",
			"URI": "https://commerce-app.gov.in/meidb/Default.asp",
			"geography": "India",
			"units": "Millions of tonnes",
			"title": "Imports from Indonesia of COKING COAL"
		},
		{
			"name": "IDN.27011920",
			"type": "number",
			"organisation": "Department of Commerce",
			"source": "System On India's Monthly Trade",
			"URI": "https://commerce-app.gov.in/meidb/Default.asp",
			"geography": "India",
			"units": "Millions of tonnes",
			"title": "Imports from Indonesia of STEAM COAL"
		},
		{
			"name": "IDN.27011990",
			"type": "number",
			"organisation": "Department of Commerce",
			"source": "System On India's Monthly Trade",
			"URI": "https://commerce-app.gov.in/meidb/Default.asp",
			"geography": "India",
			"units": "Millions of tonnes",
			"title": "Imports from Indonesia of OTHER COAL W/N PULVRSD BUT NTAGLDMRTD"
		},
		{
			"name": "IDN.27040090",
			"type": "number",
			"organisation": "Department of Commerce",
			"source": "System On India's Monthly Trade",
			"URI": "https://commerce-app.gov.in/meidb/Default.asp",
			"geography": "India",
			"units": "Millions of tonnes",
			"title": "Imports from Indonesia of OTHER COKES OF COAL"
		},
		{
			"name": "IDN.27040030",
			"type": "number",
			"organisation": "Department of Commerce",
			"source": "System On India's Monthly Trade",
			"URI": "https://commerce-app.gov.in/meidb/Default.asp",
			"geography": "India",
			"units": "Millions of tonnes",
			"title": "Imports from Indonesia of HARD COKE OF COAL"
		},
		{
			"name": "IDN.27040010",
			"type": "number",
			"organisation": "Department of Commerce",
			"source": "System On India's Monthly Trade",
			"URI": "https://commerce-app.gov.in/meidb/Default.asp",
			"geography": "India",
			"units": "Millions of tonnes",
			"title": "Imports from Indonesia of RETORT CARBON (GAS CARBON)"
		},
		{
			"name": "IDN.27040020",
			"type": "number",
			"organisation": "Department of Commerce",
			"source": "System On India's Monthly Trade",
			"URI": "https://commerce-app.gov.in/meidb/Default.asp",
			"geography": "India",
			"units": "Millions of tonnes",
			"title": "Imports from Indonesia of COKE AND SEMI-COKE OF LIGNITE OR OF PEAT"
		},
		{
			"name": "IDN.27012090",
			"type": "number",
			"organisation": "Department of Commerce",
			"source": "System On India's Monthly Trade",
			"URI": "https://commerce-app.gov.in/meidb/Default.asp",
			"geography": "India",
			"units": "Millions of tonnes",
			"title": "Imports from Indonesia of OTHER SOLID FUELS FROM COAL"
		},
		{
			"name": "IDN.27021000",
			"type": "number",
			"organisation": "Department of Commerce",
			"source": "System On India's Monthly Trade",
			"URI": "https://commerce-app.gov.in/meidb/Default.asp",
			"geography": "India",
			"units": "Millions of tonnes",
			"title": "Imports from Indonesia of LIGNITE W/N PULVRSD BUT NOT AGLOMRTD"
		},
		{
			"name": "IDN.27030010",
			"type": "number",
			"organisation": "Department of Commerce",
			"source": "System On India's Monthly Trade",
			"URI": "https://commerce-app.gov.in/meidb/Default.asp",
			"geography": "India",
			"units": "Millions of tonnes",
			"title": "Imports from Indonesia of PEAT W/N CMPRSSD INTO BALS BT NT AGLMRTD"
		},
		{
			"name": "IDN.27030090",
			"type": "number",
			"organisation": "Department of Commerce",
			"source": "System On India's Monthly Trade",
			"URI": "https://commerce-app.gov.in/meidb/Default.asp",
			"geography": "India",
			"units": "Millions of tonnes",
			"title": "Imports from Indonesia of OTHER PEAT W/N AGLOMRTD"
		},
		{
			"name": "IDN.27040040",
			"type": "number",
			"organisation": "Department of Commerce",
			"source": "System On India's Monthly Trade",
			"URI": "https://commerce-app.gov.in/meidb/Default.asp",
			"geography": "India",
			"units": "Millions of tonnes",
			"title": "Imports from Indonesia of SOFT COKE OF COAL"
		},
		{
			"name": "IDN.27022000",
			"type": "number",
			"organisation": "Department of Commerce",
			"source": "System On India's Monthly Trade",
			"URI": "https://commerce-app.gov.in/meidb/Default.asp",
			"geography": "India",
			"units": "Millions of tonnes",
			"title": "Imports from Indonesia of AGGLOMERATED LIGNITE"
		},
		{
			"name": "IDN.27012010",
			"type": "number",
			"organisation": "Department of Commerce",
			"source": "System On India's Monthly Trade",
			"URI": "https://commerce-app.gov.in/meidb/Default.asp",
			"geography": "India",
			"units": "Millions of tonnes",
			"title": "Imports from Indonesia of ANTHRACITE AGGLOMERATED"
		},
		{
			"name": "MOZ.27011100",
			"type": "number",
			"organisation": "Department of Commerce",
			"source": "System On India's Monthly Trade",
			"URI": "https://commerce-app.gov.in/meidb/Default.asp",
			"geography": "India",
			"units": "Millions of tonnes",
			"title": "Imports from Mozambique of ANTHRCITE COAL W/N PULVRSD BUT NT AGLOMRTD"
		},
		{
			"name": "MOZ.27011200",
			"type": "number",
			"organisation": "Department of Commerce",
			"source": "System On India's Monthly Trade",
			"URI": "https://commerce-app.gov.in/meidb/Default.asp",
			"geography": "India",
			"units": "Millions of tonnes",
			"title": "Imports from Mozambique of BITUMNS COAL W/N PULVRSD BUT NT AGLOMRTD"
		},
		{
			"name": "MOZ.27011910",
			"type": "number",
			"organisation": "Department of Commerce",
			"source": "System On India's Monthly Trade",
			"URI": "https://commerce-app.gov.in/meidb/Default.asp",
			"geography": "India",
			"units": "Millions of tonnes",
			"title": "Imports from Mozambique of COKING COAL"
		},
		{
			"name": "MOZ.27011920",
			"type": "number",
			"organisation": "Department of Commerce",
			"source": "System On India's Monthly Trade",
			"URI": "https://commerce-app.gov.in/meidb/Default.asp",
			"geography": "India",
			"units": "Millions of tonnes",
			"title": "Imports from Mozambique of STEAM COAL"
		},
		{
			"name": "MOZ.27011990",
			"type": "number",
			"organisation": "Department of Commerce",
			"source": "System On India's Monthly Trade",
			"URI": "https://commerce-app.gov.in/meidb/Default.asp",
			"geography": "India",
			"units": "Millions of tonnes",
			"title": "Imports from Mozambique of OTHER COAL W/N PULVRSD BUT NTAGLDMRTD"
		},
		{
			"name": "MOZ.27040090",
			"type": "number",
			"organisation": "Department of Commerce",
			"source": "System On India's Monthly Trade",
			"URI": "https://commerce-app.gov.in/meidb/Default.asp",
			"geography": "India",
			"units": "Millions of tonnes",
			"title": "Imports from Mozambique of OTHER COKES OF COAL"
		},
		{
			"name": "MOZ.27040030",
			"type": "number",
			"organisation": "Department of Commerce",
			"source": "System On India's Monthly Trade",
			"URI": "https://commerce-app.gov.in/meidb/Default.asp",
			"geography": "India",
			"units": "Millions of tonnes",
			"title": "Imports from Mozambique of HARD COKE OF COAL"
		},
		{
			"name": "MOZ.27040010",
			"type": "number",
			"organisation": "Department of Commerce",
			"source": "System On India's Monthly Trade",
			"URI": "https://commerce-app.gov.in/meidb/Default.asp",
			"geography": "India",
			"units": "Millions of tonnes",
			"title": "Imports from Mozambique of RETORT CARBON (GAS CARBON)"
		},
		{
			"name": "MOZ.27040020",
			"type": "number",
			"organisation": "Department of Commerce",
			"source": "System On India's Monthly Trade",
			"URI": "https://commerce-app.gov.in/meidb/Default.asp",
			"geography": "India",
			"units": "Millions of tonnes",
			"title": "Imports from Mozambique of COKE AND SEMI-COKE OF LIGNITE OR OF PEAT"
		},
		{
			"name": "MOZ.27012090",
			"type": "number",
			"organisation": "Department of Commerce",
			"source": "System On India's Monthly Trade",
			"URI": "https://commerce-app.gov.in/meidb/Default.asp",
			"geography": "India",
			"units": "Millions of tonnes",
			"title": "Imports from Mozambique of OTHER SOLID FUELS FROM COAL"
		},
		{
			"name": "MOZ.27021000",
			"type": "number",
			"organisation": "Department of Commerce",
			"source": "System On India's Monthly Trade",
			"URI": "https://commerce-app.gov.in/meidb/Default.asp",
			"geography": "India",
			"units": "Millions of tonnes",
			"title": "Imports from Mozambique of LIGNITE W/N PULVRSD BUT NOT AGLOMRTD"
		},
		{
			"name": "MOZ.27030010",
			"type": "number",
			"organisation": "Department of Commerce",
			"source": "System On India's Monthly Trade",
			"URI": "https://commerce-app.gov.in/meidb/Default.asp",
			"geography": "India",
			"units": "Millions of tonnes",
			"title": "Imports from Mozambique of PEAT W/N CMPRSSD INTO BALS BT NT AGLMRTD"
		},
		{
			"name": "MOZ.27030090",
			"type": "number",
			"organisation": "Department of Commerce",
			"source": "System On India's Monthly Trade",
			"URI": "https://commerce-app.gov.in/meidb/Default.asp",
			"geography": "India",
			"units": "Millions of tonnes",
			"title": "Imports from Mozambique of OTHER PEAT W/N AGLOMRTD"
		},
		{
			"name": "MOZ.27040040",
			"type": "number",
			"organisation": "Department of Commerce",
			"source": "System On India's Monthly Trade",
			"URI": "https://commerce-app.gov.in/meidb/Default.asp",
			"geography": "India",
			"units": "Millions of tonnes",
			"title": "Imports from Mozambique of SOFT COKE OF COAL"
		},
		{
			"name": "MOZ.27022000",
			"type": "number",
			"organisation": "Department of Commerce",
			"source": "System On India's Monthly Trade",
			"URI": "https://commerce-app.gov.in/meidb/Default.asp",
			"geography": "India",
			"units": "Millions of tonnes",
			"title": "Imports from Mozambique of AGGLOMERATED LIGNITE"
		},
		{
			"name": "MOZ.27012010",
			"type": "number",
			"organisation": "Department of Commerce",
			"source": "System On India's Monthly Trade",
			"URI": "https://commerce-app.gov.in/meidb/Default.asp",
			"geography": "India",
			"units": "Millions of tonnes",
			"title": "Imports from Mozambique of ANTHRACITE AGGLOMERATED"
		},
		{
			"name": "MYS.27011100",
			"type": "number",
			"organisation": "Department of Commerce",
			"source": "System On India's Monthly Trade",
			"URI": "https://commerce-app.gov.in/meidb/Default.asp",
			"geography": "India",
			"units": "Millions of tonnes",
			"title": "Imports from Malaysia of ANTHRCITE COAL W/N PULVRSD BUT NT AGLOMRTD"
		},
		{
			"name": "MYS.27011200",
			"type": "number",
			"organisation": "Department of Commerce",
			"source": "System On India's Monthly Trade",
			"URI": "https://commerce-app.gov.in/meidb/Default.asp",
			"geography": "India",
			"units": "Millions of tonnes",
			"title": "Imports from Malaysia of BITUMNS COAL W/N PULVRSD BUT NT AGLOMRTD"
		},
		{
			"name": "MYS.27011910",
			"type": "number",
			"organisation": "Department of Commerce",
			"source": "System On India's Monthly Trade",
			"URI": "https://commerce-app.gov.in/meidb/Default.asp",
			"geography": "India",
			"units": "Millions of tonnes",
			"title": "Imports from Malaysia of COKING COAL"
		},
		{
			"name": "MYS.27011920",
			"type": "number",
			"organisation": "Department of Commerce",
			"source": "System On India's Monthly Trade",
			"URI": "https://commerce-app.gov.in/meidb/Default.asp",
			"geography": "India",
			"units": "Millions of tonnes",
			"title": "Imports from Malaysia of STEAM COAL"
		},
		{
			"name": "MYS.27011990",
			"type": "number",
			"organisation": "Department of Commerce",
			"source": "System On India's Monthly Trade",
			"URI": "https://commerce-app.gov.in/meidb/Default.asp",
			"geography": "India",
			"units": "Millions of tonnes",
			"title": "Imports from Malaysia of OTHER COAL W/N PULVRSD BUT NTAGLDMRTD"
		},
		{
			"name": "MYS.27040090",
			"type": "number",
			"organisation": "Department of Commerce",
			"source": "System On India's Monthly Trade",
			"URI": "https://commerce-app.gov.in/meidb/Default.asp",
			"geography": "India",
			"units": "Millions of tonnes",
			"title": "Imports from Malaysia of OTHER COKES OF COAL"
		},
		{
			"name": "MYS.27040030",
			"type": "number",
			"organisation": "Department of Commerce",
			"source": "System On India's Monthly Trade",
			"URI": "https://commerce-app.gov.in/meidb/Default.asp",
			"geography": "India",
			"units": "Millions of tonnes",
			"title": "Imports from Malaysia of HARD COKE OF COAL"
		},
		{
			"name": "MYS.27040010",
			"type": "number",
			"organisation": "Department of Commerce",
			"source": "System On India's Monthly Trade",
			"URI": "https://commerce-app.gov.in/meidb/Default.asp",
			"geography": "India",
			"units": "Millions of tonnes",
			"title": "Imports from Malaysia of RETORT CARBON (GAS CARBON)"
		},
		{
			"name": "MYS.27040020",
			"type": "number",
			"organisation": "Department of Commerce",
			"source": "System On India's Monthly Trade",
			"URI": "https://commerce-app.gov.in/meidb/Default.asp",
			"geography": "India",
			"units": "Millions of tonnes",
			"title": "Imports from Malaysia of COKE AND SEMI-COKE OF LIGNITE OR OF PEAT"
		},
		{
			"name": "MYS.27012090",
			"type": "number",
			"organisation": "Department of Commerce",
			"source": "System On India's Monthly Trade",
			"URI": "https://commerce-app.gov.in/meidb/Default.asp",
			"geography": "India",
			"units": "Millions of tonnes",
			"title": "Imports from Malaysia of OTHER SOLID FUELS FROM COAL"
		},
		{
			"name": "MYS.27021000",
			"type": "number",
			"organisation": "Department of Commerce",
			"source": "System On India's Monthly Trade",
			"URI": "https://commerce-app.gov.in/meidb/Default.asp",
			"geography": "India",
			"units": "Millions of tonnes",
			"title": "Imports from Malaysia of LIGNITE W/N PULVRSD BUT NOT AGLOMRTD"
		},
		{
			"name": "MYS.27030010",
			"type": "number",
			"organisation": "Department of Commerce",
			"source": "System On India's Monthly Trade",
			"URI": "https://commerce-app.gov.in/meidb/Default.asp",
			"geography": "India",
			"units": "Millions of tonnes",
			"title": "Imports from Malaysia of PEAT W/N CMPRSSD INTO BALS BT NT AGLMRTD"
		},
		{
			"name": "MYS.27030090",
			"type": "number",
			"organisation": "Department of Commerce",
			"source": "System On India's Monthly Trade",
			"URI": "https://commerce-app.gov.in/meidb/Default.asp",
			"geography": "India",
			"units": "Millions of tonnes",
			"title": "Imports from Malaysia of OTHER PEAT W/N AGLOMRTD"
		},
		{
			"name": "MYS.27040040",
			"type": "number",
			"organisation": "Department of Commerce",
			"source": "System On India's Monthly Trade",
			"URI": "https://commerce-app.gov.in/meidb/Default.asp",
			"geography": "India",
			"units": "Millions of tonnes",
			"title": "Imports from Malaysia of SOFT COKE OF COAL"
		},
		{
			"name": "MYS.27022000",
			"type": "number",
			"organisation": "Department of Commerce",
			"source": "System On India's Monthly Trade",
			"URI": "https://commerce-app.gov.in/meidb/Default.asp",
			"geography": "India",
			"units": "Millions of tonnes",
			"title": "Imports from Malaysia of AGGLOMERATED LIGNITE"
		},
		{
			"name": "MYS.27012010",
			"type": "number",
			"organisation": "Department of Commerce",
			"source": "System On India's Monthly Trade",
			"URI": "https://commerce-app.gov.in/meidb/Default.asp",
			"geography": "India",
			"units": "Millions of tonnes",
			"title": "Imports from Malaysia of ANTHRACITE AGGLOMERATED"
		},
		{
			"name": "NZL.27011100",
			"type": "number",
			"organisation": "Department of Commerce",
			"source": "System On India's Monthly Trade",
			"URI": "https://commerce-app.gov.in/meidb/Default.asp",
			"geography": "India",
			"units": "Millions of tonnes",
			"title": "Imports from New Zealand of ANTHRCITE COAL W/N PULVRSD BUT NT AGLOMRTD"
		},
		{
			"name": "NZL.27011200",
			"type": "number",
			"organisation": "Department of Commerce",
			"source": "System On India's Monthly Trade",
			"URI": "https://commerce-app.gov.in/meidb/Default.asp",
			"geography": "India",
			"units": "Millions of tonnes",
			"title": "Imports from New Zealand of BITUMNS COAL W/N PULVRSD BUT NT AGLOMRTD"
		},
		{
			"name": "NZL.27011910",
			"type": "number",
			"organisation": "Department of Commerce",
			"source": "System On India's Monthly Trade",
			"URI": "https://commerce-app.gov.in/meidb/Default.asp",
			"geography": "India",
			"units": "Millions of tonnes",
			"title": "Imports from New Zealand of COKING COAL"
		},
		{
			"name": "NZL.27011920",
			"type": "number",
			"organisation": "Department of Commerce",
			"source": "System On India's Monthly Trade",
			"URI": "https://commerce-app.gov.in/meidb/Default.asp",
			"geography": "India",
			"units": "Millions of tonnes",
			"title": "Imports from New Zealand of STEAM COAL"
		},
		{
			"name": "NZL.27011990",
			"type": "number",
			"organisation": "Department of Commerce",
			"source": "System On India's Monthly Trade",
			"URI": "https://commerce-app.gov.in/meidb/Default.asp",
			"geography": "India",
			"units": "Millions of tonnes",
			"title": "Imports from New Zealand of OTHER COAL W/N PULVRSD BUT NTAGLDMRTD"
		},
		{
			"name": "NZL.27040090",
			"type": "number",
			"organisation": "Department of Commerce",
			"source": "System On India's Monthly Trade",
			"URI": "https://commerce-app.gov.in/meidb/Default.asp",
			"geography": "India",
			"units": "Millions of tonnes",
			"title": "Imports from New Zealand of OTHER COKES OF COAL"
		},
		{
			"name": "NZL.27040030",
			"type": "number",
			"organisation": "Department of Commerce",
			"source": "System On India's Monthly Trade",
			"URI": "https://commerce-app.gov.in/meidb/Default.asp",
			"geography": "India",
			"units": "Millions of tonnes",
			"title": "Imports from New Zealand of HARD COKE OF COAL"
		},
		{
			"name": "NZL.27040010",
			"type": "number",
			"organisation": "Department of Commerce",
			"source": "System On India's Monthly Trade",
			"URI": "https://commerce-app.gov.in/meidb/Default.asp",
			"geography": "India",
			"units": "Millions of tonnes",
			"title": "Imports from New Zealand of RETORT CARBON (GAS CARBON)"
		},
		{
			"name": "NZL.27040020",
			"type": "number",
			"organisation": "Department of Commerce",
			"source": "System On India's Monthly Trade",
			"URI": "https://commerce-app.gov.in/meidb/Default.asp",
			"geography": "India",
			"units": "Millions of tonnes",
			"title": "Imports from New Zealand of COKE AND SEMI-COKE OF LIGNITE OR OF PEAT"
		},
		{
			"name": "NZL.27012090",
			"type": "number",
			"organisation": "Department of Commerce",
			"source": "System On India's Monthly Trade",
			"URI": "https://commerce-app.gov.in/meidb/Default.asp",
			"geography": "India",
			"units": "Millions of tonnes",
			"title": "Imports from New Zealand of OTHER SOLID FUELS FROM COAL"
		},
		{
			"name": "NZL.27021000",
			"type": "number",
			"organisation": "Department of Commerce",
			"source": "System On India's Monthly Trade",
			"URI": "https://commerce-app.gov.in/meidb/Default.asp",
			"geography": "India",
			"units": "Millions of tonnes",
			"title": "Imports from New Zealand of LIGNITE W/N PULVRSD BUT NOT AGLOMRTD"
		},
		{
			"name": "NZL.27030010",
			"type": "number",
			"organisation": "Department of Commerce",
			"source": "System On India's Monthly Trade",
			"URI": "https://commerce-app.gov.in/meidb/Default.asp",
			"geography": "India",
			"units": "Millions of tonnes",
			"title": "Imports from New Zealand of PEAT W/N CMPRSSD INTO BALS BT NT AGLMRTD"
		},
		{
			"name": "NZL.27030090",
			"type": "number",
			"organisation": "Department of Commerce",
			"source": "System On India's Monthly Trade",
			"URI": "https://commerce-app.gov.in/meidb/Default.asp",
			"geography": "India",
			"units": "Millions of tonnes",
			"title": "Imports from New Zealand of OTHER PEAT W/N AGLOMRTD"
		},
		{
			"name": "NZL.27040040",
			"type": "number",
			"organisation": "Department of Commerce",
			"source": "System On India's Monthly Trade",
			"URI": "https://commerce-app.gov.in/meidb/Default.asp",
			"geography": "India",
			"units": "Millions of tonnes",
			"title": "Imports from New Zealand of SOFT COKE OF COAL"
		},
		{
			"name": "NZL.27022000",
			"type": "number",
			"organisation": "Department of Commerce",
			"source": "System On India's Monthly Trade",
			"URI": "https://commerce-app.gov.in/meidb/Default.asp",
			"geography": "India",
			"units": "Millions of tonnes",
			"title": "Imports from New Zealand of AGGLOMERATED LIGNITE"
		},
		{
			"name": "NZL.27012010",
			"type": "number",
			"organisation": "Department of Commerce",
			"source": "System On India's Monthly Trade",
			"URI": "https://commerce-app.gov.in/meidb/Default.asp",
			"geography": "India",
			"units": "Millions of tonnes",
			"title": "Imports from New Zealand of ANTHRACITE AGGLOMERATED"
		},
		{
			"name": "POL.27011100",
			"type": "number",
			"organisation": "Department of Commerce",
			"source": "System On India's Monthly Trade",
			"URI": "https://commerce-app.gov.in/meidb/Default.asp",
			"geography": "India",
			"units": "Millions of tonnes",
			"title": "Imports from Poland of ANTHRCITE COAL W/N PULVRSD BUT NT AGLOMRTD"
		},
		{
			"name": "POL.27011200",
			"type": "number",
			"organisation": "Department of Commerce",
			"source": "System On India's Monthly Trade",
			"URI": "https://commerce-app.gov.in/meidb/Default.asp",
			"geography": "India",
			"units": "Millions of tonnes",
			"title": "Imports from Poland of BITUMNS COAL W/N PULVRSD BUT NT AGLOMRTD"
		},
		{
			"name": "POL.27011910",
			"type": "number",
			"organisation": "Department of Commerce",
			"source": "System On India's Monthly Trade",
			"URI": "https://commerce-app.gov.in/meidb/Default.asp",
			"geography": "India",
			"units": "Millions of tonnes",
			"title": "Imports from Poland of COKING COAL"
		},
		{
			"name": "POL.27011920",
			"type": "number",
			"organisation": "Department of Commerce",
			"source": "System On India's Monthly Trade",
			"URI": "https://commerce-app.gov.in/meidb/Default.asp",
			"geography": "India",
			"units": "Millions of tonnes",
			"title": "Imports from Poland of STEAM COAL"
		},
		{
			"name": "POL.27011990",
			"type": "number",
			"organisation": "Department of Commerce",
			"source": "System On India's Monthly Trade",
			"URI": "https://commerce-app.gov.in/meidb/Default.asp",
			"geography": "India",
			"units": "Millions of tonnes",
			"title": "Imports from Poland of OTHER COAL W/N PULVRSD BUT NTAGLDMRTD"
		},
		{
			"name": "POL.27040090",
			"type": "number",
			"organisation": "Department of Commerce",
			"source": "System On India's Monthly Trade",
			"URI": "https://commerce-app.gov.in/meidb/Default.asp",
			"geography": "India",
			"units": "Millions of tonnes",
			"title": "Imports from Poland of OTHER COKES OF COAL"
		},
		{
			"name": "POL.27040030",
			"type": "number",
			"organisation": "Department of Commerce",
			"source": "System On India's Monthly Trade",
			"URI": "https://commerce-app.gov.in/meidb/Default.asp",
			"geography": "India",
			"units": "Millions of tonnes",
			"title": "Imports from Poland of HARD COKE OF COAL"
		},
		{
			"name": "POL.27040010",
			"type": "number",
			"organisation": "Department of Commerce",
			"source": "System On India's Monthly Trade",
			"URI": "https://commerce-app.gov.in/meidb/Default.asp",
			"geography": "India",
			"units": "Millions of tonnes",
			"title": "Imports from Poland of RETORT CARBON (GAS CARBON)"
		},
		{
			"name": "POL.27040020",
			"type": "number",
			"organisation": "Department of Commerce",
			"source": "System On India's Monthly Trade",
			"URI": "https://commerce-app.gov.in/meidb/Default.asp",
			"geography": "India",
			"units": "Millions of tonnes",
			"title": "Imports from Poland of COKE AND SEMI-COKE OF LIGNITE OR OF PEAT"
		},
		{
			"name": "POL.27012090",
			"type": "number",
			"organisation": "Department of Commerce",
			"source": "System On India's Monthly Trade",
			"URI": "https://commerce-app.gov.in/meidb/Default.asp",
			"geography": "India",
			"units": "Millions of tonnes",
			"title": "Imports from Poland of OTHER SOLID FUELS FROM COAL"
		},
		{
			"name": "POL.27021000",
			"type": "number",
			"organisation": "Department of Commerce",
			"source": "System On India's Monthly Trade",
			"URI": "https://commerce-app.gov.in/meidb/Default.asp",
			"geography": "India",
			"units": "Millions of tonnes",
			"title": "Imports from Poland of LIGNITE W/N PULVRSD BUT NOT AGLOMRTD"
		},
		{
			"name": "POL.27030010",
			"type": "number",
			"organisation": "Department of Commerce",
			"source": "System On India's Monthly Trade",
			"URI": "https://commerce-app.gov.in/meidb/Default.asp",
			"geography": "India",
			"units": "Millions of tonnes",
			"title": "Imports from Poland of PEAT W/N CMPRSSD INTO BALS BT NT AGLMRTD"
		},
		{
			"name": "POL.27030090",
			"type": "number",
			"organisation": "Department of Commerce",
			"source": "System On India's Monthly Trade",
			"URI": "https://commerce-app.gov.in/meidb/Default.asp",
			"geography": "India",
			"units": "Millions of tonnes",
			"title": "Imports from Poland of OTHER PEAT W/N AGLOMRTD"
		},
		{
			"name": "POL.27040040",
			"type": "number",
			"organisation": "Department of Commerce",
			"source": "System On India's Monthly Trade",
			"URI": "https://commerce-app.gov.in/meidb/Default.asp",
			"geography": "India",
			"units": "Millions of tonnes",
			"title": "Imports from Poland of SOFT COKE OF COAL"
		},
		{
			"name": "POL.27022000",
			"type": "number",
			"organisation": "Department of Commerce",
			"source": "System On India's Monthly Trade",
			"URI": "https://commerce-app.gov.in/meidb/Default.asp",
			"geography": "India",
			"units": "Millions of tonnes",
			"title": "Imports from Poland of AGGLOMERATED LIGNITE"
		},
		{
			"name": "POL.27012010",
			"type": "number",
			"organisation": "Department of Commerce",
			"source": "System On India's Monthly Trade",
			"URI": "https://commerce-app.gov.in/meidb/Default.asp",
			"geography": "India",
			"units": "Millions of tonnes",
			"title": "Imports from Poland of ANTHRACITE AGGLOMERATED"
		},
		{
			"name": "RUS.27011100",
			"type": "number",
			"organisation": "Department of Commerce",
			"source": "System On India's Monthly Trade",
			"URI": "https://commerce-app.gov.in/meidb/Default.asp",
			"geography": "India",
			"units": "Millions of tonnes",
			"title": "Imports from Russia of ANTHRCITE COAL W/N PULVRSD BUT NT AGLOMRTD"
		},
		{
			"name": "RUS.27011200",
			"type": "number",
			"organisation": "Department of Commerce",
			"source": "System On India's Monthly Trade",
			"URI": "https://commerce-app.gov.in/meidb/Default.asp",
			"geography": "India",
			"units": "Millions of tonnes",
			"title": "Imports from Russia of BITUMNS COAL W/N PULVRSD BUT NT AGLOMRTD"
		},
		{
			"name": "RUS.27011910",
			"type": "number",
			"organisation": "Department of Commerce",
			"source": "System On India's Monthly Trade",
			"URI": "https://commerce-app.gov.in/meidb/Default.asp",
			"geography": "India",
			"units": "Millions of tonnes",
			"title": "Imports from Russia of COKING COAL"
		},
		{
			"name": "RUS.27011920",
			"type": "number",
			"organisation": "Department of Commerce",
			"source": "System On India's Monthly Trade",
			"URI": "https://commerce-app.gov.in/meidb/Default.asp",
			"geography": "India",
			"units": "Millions of tonnes",
			"title": "Imports from Russia of STEAM COAL"
		},
		{
			"name": "RUS.27011990",
			"type": "number",
			"organisation": "Department of Commerce",
			"source": "System On India's Monthly Trade",
			"URI": "https://commerce-app.gov.in/meidb/Default.asp",
			"geography": "India",
			"units": "Millions of tonnes",
			"title": "Imports from Russia of OTHER COAL W/N PULVRSD BUT NTAGLDMRTD"
		},
		{
			"name": "RUS.27040090",
			"type": "number",
			"organisation": "Department of Commerce",
			"source": "System On India's Monthly Trade",
			"URI": "https://commerce-app.gov.in/meidb/Default.asp",
			"geography": "India",
			"units": "Millions of tonnes",
			"title": "Imports from Russia of OTHER COKES OF COAL"
		},
		{
			"name": "RUS.27040030",
			"type": "number",
			"organisation": "Department of Commerce",
			"source": "System On India's Monthly Trade",
			"URI": "https://commerce-app.gov.in/meidb/Default.asp",
			"geography": "India",
			"units": "Millions of tonnes",
			"title": "Imports from Russia of HARD COKE OF COAL"
		},
		{
			"name": "RUS.27040010",
			"type": "number",
			"organisation": "Department of Commerce",
			"source": "System On India's Monthly Trade",
			"URI": "https://commerce-app.gov.in/meidb/Default.asp",
			"geography": "India",
			"units": "Millions of tonnes",
			"title": "Imports from Russia of RETORT CARBON (GAS CARBON)"
		},
		{
			"name": "RUS.27040020",
			"type": "number",
			"organisation": "Department of Commerce",
			"source": "System On India's Monthly Trade",
			"URI": "https://commerce-app.gov.in/meidb/Default.asp",
			"geography": "India",
			"units": "Millions of tonnes",
			"title": "Imports from Russia of COKE AND SEMI-COKE OF LIGNITE OR OF PEAT"
		},
		{
			"name": "RUS.27012090",
			"type": "number",
			"organisation": "Department of Commerce",
			"source": "System On India's Monthly Trade",
			"URI": "https://commerce-app.gov.in/meidb/Default.asp",
			"geography": "India",
			"units": "Millions of tonnes",
			"title": "Imports from Russia of OTHER SOLID FUELS FROM COAL"
		},
		{
			"name": "RUS.27021000",
			"type": "number",
			"organisation": "Department of Commerce",
			"source": "System On India's Monthly Trade",
			"URI": "https://commerce-app.gov.in/meidb/Default.asp",
			"geography": "India",
			"units": "Millions of tonnes",
			"title": "Imports from Russia of LIGNITE W/N PULVRSD BUT NOT AGLOMRTD"
		},
		{
			"name": "RUS.27030010",
			"type": "number",
			"organisation": "Department of Commerce",
			"source": "System On India's Monthly Trade",
			"URI": "https://commerce-app.gov.in/meidb/Default.asp",
			"geography": "India",
			"units": "Millions of tonnes",
			"title": "Imports from Russia of PEAT W/N CMPRSSD INTO BALS BT NT AGLMRTD"
		},
		{
			"name": "RUS.27030090",
			"type": "number",
			"organisation": "Department of Commerce",
			"source": "System On India's Monthly Trade",
			"URI": "https://commerce-app.gov.in/meidb/Default.asp",
			"geography": "India",
			"units": "Millions of tonnes",
			"title": "Imports from Russia of OTHER PEAT W/N AGLOMRTD"
		},
		{
			"name": "RUS.27040040",
			"type": "number",
			"organisation": "Department of Commerce",
			"source": "System On India's Monthly Trade",
			"URI": "https://commerce-app.gov.in/meidb/Default.asp",
			"geography": "India",
			"units": "Millions of tonnes",
			"title": "Imports from Russia of SOFT COKE OF COAL"
		},
		{
			"name": "RUS.27022000",
			"type": "number",
			"organisation": "Department of Commerce",
			"source": "System On India's Monthly Trade",
			"URI": "https://commerce-app.gov.in/meidb/Default.asp",
			"geography": "India",
			"units": "Millions of tonnes",
			"title": "Imports from Russia of AGGLOMERATED LIGNITE"
		},
		{
			"name": "RUS.27012010",
			"type": "number",
			"organisation": "Department of Commerce",
			"source": "System On India's Monthly Trade",
			"URI": "https://commerce-app.gov.in/meidb/Default.asp",
			"geography": "India",
			"units": "Millions of tonnes",
			"title": "Imports from Russia of ANTHRACITE AGGLOMERATED"
		},
		{
			"name": "SGP.27011100",
			"type": "number",
			"organisation": "Department of Commerce",
			"source": "System On India's Monthly Trade",
			"URI": "https://commerce-app.gov.in/meidb/Default.asp",
			"geography": "India",
			"units": "Millions of tonnes",
			"title": "Imports from Singapore of ANTHRCITE COAL W/N PULVRSD BUT NT AGLOMRTD"
		},
		{
			"name": "SGP.27011200",
			"type": "number",
			"organisation": "Department of Commerce",
			"source": "System On India's Monthly Trade",
			"URI": "https://commerce-app.gov.in/meidb/Default.asp",
			"geography": "India",
			"units": "Millions of tonnes",
			"title": "Imports from Singapore of BITUMNS COAL W/N PULVRSD BUT NT AGLOMRTD"
		},
		{
			"name": "SGP.27011910",
			"type": "number",
			"organisation": "Department of Commerce",
			"source": "System On India's Monthly Trade",
			"URI": "https://commerce-app.gov.in/meidb/Default.asp",
			"geography": "India",
			"units": "Millions of tonnes",
			"title": "Imports from Singapore of COKING COAL"
		},
		{
			"name": "SGP.27011920",
			"type": "number",
			"organisation": "Department of Commerce",
			"source": "System On India's Monthly Trade",
			"URI": "https://commerce-app.gov.in/meidb/Default.asp",
			"geography": "India",
			"units": "Millions of tonnes",
			"title": "Imports from Singapore of STEAM COAL"
		},
		{
			"name": "SGP.27011990",
			"type": "number",
			"organisation": "Department of Commerce",
			"source": "System On India's Monthly Trade",
			"URI": "https://commerce-app.gov.in/meidb/Default.asp",
			"geography": "India",
			"units": "Millions of tonnes",
			"title": "Imports from Singapore of OTHER COAL W/N PULVRSD BUT NTAGLDMRTD"
		},
		{
			"name": "SGP.27040090",
			"type": "number",
			"organisation": "Department of Commerce",
			"source": "System On India's Monthly Trade",
			"URI": "https://commerce-app.gov.in/meidb/Default.asp",
			"geography": "India",
			"units": "Millions of tonnes",
			"title": "Imports from Singapore of OTHER COKES OF COAL"
		},
		{
			"name": "SGP.27040030",
			"type": "number",
			"organisation": "Department of Commerce",
			"source": "System On India's Monthly Trade",
			"URI": "https://commerce-app.gov.in/meidb/Default.asp",
			"geography": "India",
			"units": "Millions of tonnes",
			"title": "Imports from Singapore of HARD COKE OF COAL"
		},
		{
			"name": "SGP.27040010",
			"type": "number",
			"organisation": "Department of Commerce",
			"source": "System On India's Monthly Trade",
			"URI": "https://commerce-app.gov.in/meidb/Default.asp",
			"geography": "India",
			"units": "Millions of tonnes",
			"title": "Imports from Singapore of RETORT CARBON (GAS CARBON)"
		},
		{
			"name": "SGP.27040020",
			"type": "number",
			"organisation": "Department of Commerce",
			"source": "System On India's Monthly Trade",
			"URI": "https://commerce-app.gov.in/meidb/Default.asp",
			"geography": "India",
			"units": "Millions of tonnes",
			"title": "Imports from Singapore of COKE AND SEMI-COKE OF LIGNITE OR OF PEAT"
		},
		{
			"name": "SGP.27012090",
			"type": "number",
			"organisation": "Department of Commerce",
			"source": "System On India's Monthly Trade",
			"URI": "https://commerce-app.gov.in/meidb/Default.asp",
			"geography": "India",
			"units": "Millions of tonnes",
			"title": "Imports from Singapore of OTHER SOLID FUELS FROM COAL"
		},
		{
			"name": "SGP.27021000",
			"type": "number",
			"organisation": "Department of Commerce",
			"source": "System On India's Monthly Trade",
			"URI": "https://commerce-app.gov.in/meidb/Default.asp",
			"geography": "India",
			"units": "Millions of tonnes",
			"title": "Imports from Singapore of LIGNITE W/N PULVRSD BUT NOT AGLOMRTD"
		},
		{
			"name": "SGP.27030010",
			"type": "number",
			"organisation": "Department of Commerce",
			"source": "System On India's Monthly Trade",
			"URI": "https://commerce-app.gov.in/meidb/Default.asp",
			"geography": "India",
			"units": "Millions of tonnes",
			"title": "Imports from Singapore of PEAT W/N CMPRSSD INTO BALS BT NT AGLMRTD"
		},
		{
			"name": "SGP.27030090",
			"type": "number",
			"organisation": "Department of Commerce",
			"source": "System On India's Monthly Trade",
			"URI": "https://commerce-app.gov.in/meidb/Default.asp",
			"geography": "India",
			"units": "Millions of tonnes",
			"title": "Imports from Singapore of OTHER PEAT W/N AGLOMRTD"
		},
		{
			"name": "SGP.27040040",
			"type": "number",
			"organisation": "Department of Commerce",
			"source": "System On India's Monthly Trade",
			"URI": "https://commerce-app.gov.in/meidb/Default.asp",
			"geography": "India",
			"units": "Millions of tonnes",
			"title": "Imports from Singapore of SOFT COKE OF COAL"
		},
		{
			"name": "SGP.27022000",
			"type": "number",
			"organisation": "Department of Commerce",
			"source": "System On India's Monthly Trade",
			"URI": "https://commerce-app.gov.in/meidb/Default.asp",
			"geography": "India",
			"units": "Millions of tonnes",
			"title": "Imports from Singapore of AGGLOMERATED LIGNITE"
		},
		{
			"name": "SGP.27012010",
			"type": "number",
			"organisation": "Department of Commerce",
			"source": "System On India's Monthly Trade",
			"URI": "https://commerce-app.gov.in/meidb/Default.asp",
			"geography": "India",
			"units": "Millions of tonnes",
			"title": "Imports from Singapore of ANTHRACITE AGGLOMERATED"
		},
		{
			"name": "USA.27011100",
			"type": "number",
			"organisation": "Department of Commerce",
			"source": "System On India's Monthly Trade",
			"URI": "https://commerce-app.gov.in/meidb/Default.asp",
			"geography": "India",
			"units": "Millions of tonnes",
			"title": "Imports from United States of America of ANTHRCITE COAL W/N PULVRSD BUT NT AGLOMRTD"
		},
		{
			"name": "USA.27011200",
			"type": "number",
			"organisation": "Department of Commerce",
			"source": "System On India's Monthly Trade",
			"URI": "https://commerce-app.gov.in/meidb/Default.asp",
			"geography": "India",
			"units": "Millions of tonnes",
			"title": "Imports from United States of America of BITUMNS COAL W/N PULVRSD BUT NT AGLOMRTD"
		},
		{
			"name": "USA.27011910",
			"type": "number",
			"organisation": "Department of Commerce",
			"source": "System On India's Monthly Trade",
			"URI": "https://commerce-app.gov.in/meidb/Default.asp",
			"geography": "India",
			"units": "Millions of tonnes",
			"title": "Imports from United States of America of COKING COAL"
		},
		{
			"name": "USA.27011920",
			"type": "number",
			"organisation": "Department of Commerce",
			"source": "System On India's Monthly Trade",
			"URI": "https://commerce-app.gov.in/meidb/Default.asp",
			"geography": "India",
			"units": "Millions of tonnes",
			"title": "Imports from United States of America of STEAM COAL"
		},
		{
			"name": "USA.27011990",
			"type": "number",
			"organisation": "Department of Commerce",
			"source": "System On India's Monthly Trade",
			"URI": "https://commerce-app.gov.in/meidb/Default.asp",
			"geography": "India",
			"units": "Millions of tonnes",
			"title": "Imports from United States of America of OTHER COAL W/N PULVRSD BUT NTAGLDMRTD"
		},
		{
			"name": "USA.27040090",
			"type": "number",
			"organisation": "Department of Commerce",
			"source": "System On India's Monthly Trade",
			"URI": "https://commerce-app.gov.in/meidb/Default.asp",
			"geography": "India",
			"units": "Millions of tonnes",
			"title": "Imports from United States of America of OTHER COKES OF COAL"
		},
		{
			"name": "USA.27040030",
			"type": "number",
			"organisation": "Department of Commerce",
			"source": "System On India's Monthly Trade",
			"URI": "https://commerce-app.gov.in/meidb/Default.asp",
			"geography": "India",
			"units": "Millions of tonnes",
			"title": "Imports from United States of America of HARD COKE OF COAL"
		},
		{
			"name": "USA.27040010",
			"type": "number",
			"organisation": "Department of Commerce",
			"source": "System On India's Monthly Trade",
			"URI": "https://commerce-app.gov.in/meidb/Default.asp",
			"geography": "India",
			"units": "Millions of tonnes",
			"title": "Imports from United States of America of RETORT CARBON (GAS CARBON)"
		},
		{
			"name": "USA.27040020",
			"type": "number",
			"organisation": "Department of Commerce",
			"source": "System On India's Monthly Trade",
			"URI": "https://commerce-app.gov.in/meidb/Default.asp",
			"geography": "India",
			"units": "Millions of tonnes",
			"title": "Imports from United States of America of COKE AND SEMI-COKE OF LIGNITE OR OF PEAT"
		},
		{
			"name": "USA.27012090",
			"type": "number",
			"organisation": "Department of Commerce",
			"source": "System On India's Monthly Trade",
			"URI": "https://commerce-app.gov.in/meidb/Default.asp",
			"geography": "India",
			"units": "Millions of tonnes",
			"title": "Imports from United States of America of OTHER SOLID FUELS FROM COAL"
		},
		{
			"name": "USA.27021000",
			"type": "number",
			"organisation": "Department of Commerce",
			"source": "System On India's Monthly Trade",
			"URI": "https://commerce-app.gov.in/meidb/Default.asp",
			"geography": "India",
			"units": "Millions of tonnes",
			"title": "Imports from United States of America of LIGNITE W/N PULVRSD BUT NOT AGLOMRTD"
		},
		{
			"name": "USA.27030010",
			"type": "number",
			"organisation": "Department of Commerce",
			"source": "System On India's Monthly Trade",
			"URI": "https://commerce-app.gov.in/meidb/Default.asp",
			"geography": "India",
			"units": "Millions of tonnes",
			"title": "Imports from United States of America of PEAT W/N CMPRSSD INTO BALS BT NT AGLMRTD"
		},
		{
			"name": "USA.27030090",
			"type": "number",
			"organisation": "Department of Commerce",
			"source": "System On India's Monthly Trade",
			"URI": "https://commerce-app.gov.in/meidb/Default.asp",
			"geography": "India",
			"units": "Millions of tonnes",
			"title": "Imports from United States of America of OTHER PEAT W/N AGLOMRTD"
		},
		{
			"name": "USA.27040040",
			"type": "number",
			"organisation": "Department of Commerce",
			"source": "System On India's Monthly Trade",
			"URI": "https://commerce-app.gov.in/meidb/Default.asp",
			"geography": "India",
			"units": "Millions of tonnes",
			"title": "Imports from United States of America of SOFT COKE OF COAL"
		},
		{
			"name": "USA.27022000",
			"type": "number",
			"organisation": "Department of Commerce",
			"source": "System On India's Monthly Trade",
			"URI": "https://commerce-app.gov.in/meidb/Default.asp",
			"geography": "India",
			"units": "Millions of tonnes",
			"title": "Imports from United States of America of AGGLOMERATED LIGNITE"
		},
		{
			"name": "USA.27012010",
			"type": "number",
			"organisation": "Department of Commerce",
			"source": "System On India's Monthly Trade",
			"URI": "https://commerce-app.gov.in/meidb/Default.asp",
			"geography": "India",
			"units": "Millions of tonnes",
			"title": "Imports from United States of America of ANTHRACITE AGGLOMERATED"
		},
		{
			"name": "VNM.27011100",
			"type": "number",
			"organisation": "Department of Commerce",
			"source": "System On India's Monthly Trade",
			"URI": "https://commerce-app.gov.in/meidb/Default.asp",
			"geography": "India",
			"units": "Millions of tonnes",
			"title": "Imports from Viet Nam of ANTHRCITE COAL W/N PULVRSD BUT NT AGLOMRTD"
		},
		{
			"name": "VNM.27011200",
			"type": "number",
			"organisation": "Department of Commerce",
			"source": "System On India's Monthly Trade",
			"URI": "https://commerce-app.gov.in/meidb/Default.asp",
			"geography": "India",
			"units": "Millions of tonnes",
			"title": "Imports from Viet Nam of BITUMNS COAL W/N PULVRSD BUT NT AGLOMRTD"
		},
		{
			"name": "VNM.27011910",
			"type": "number",
			"organisation": "Department of Commerce",
			"source": "System On India's Monthly Trade",
			"URI": "https://commerce-app.gov.in/meidb/Default.asp",
			"geography": "India",
			"units": "Millions of tonnes",
			"title": "Imports from Viet Nam of COKING COAL"
		},
		{
			"name": "VNM.27011920",
			"type": "number",
			"organisation": "Department of Commerce",
			"source": "System On India's Monthly Trade",
			"URI": "https://commerce-app.gov.in/meidb/Default.asp",
			"geography": "India",
			"units": "Millions of tonnes",
			"title": "Imports from Viet Nam of STEAM COAL"
		},
		{
			"name": "VNM.27011990",
			"type": "number",
			"organisation": "Department of Commerce",
			"source": "System On India's Monthly Trade",
			"URI": "https://commerce-app.gov.in/meidb/Default.asp",
			"geography": "India",
			"units": "Millions of tonnes",
			"title": "Imports from Viet Nam of OTHER COAL W/N PULVRSD BUT NTAGLDMRTD"
		},
		{
			"name": "VNM.27040090",
			"type": "number",
			"organisation": "Department of Commerce",
			"source": "System On India's Monthly Trade",
			"URI": "https://commerce-app.gov.in/meidb/Default.asp",
			"geography": "India",
			"units": "Millions of tonnes",
			"title": "Imports from Viet Nam of OTHER COKES OF COAL"
		},
		{
			"name": "VNM.27040030",
			"type": "number",
			"organisation": "Department of Commerce",
			"source": "System On India's Monthly Trade",
			"URI": "https://commerce-app.gov.in/meidb/Default.asp",
			"geography": "India",
			"units": "Millions of tonnes",
			"title": "Imports from Viet Nam of HARD COKE OF COAL"
		},
		{
			"name": "VNM.27040010",
			"type": "number",
			"organisation": "Department of Commerce",
			"source": "System On India's Monthly Trade",
			"URI": "https://commerce-app.gov.in/meidb/Default.asp",
			"geography": "India",
			"units": "Millions of tonnes",
			"title": "Imports from Viet Nam of RETORT CARBON (GAS CARBON)"
		},
		{
			"name": "VNM.27040020",
			"type": "number",
			"organisation": "Department of Commerce",
			"source": "System On India's Monthly Trade",
			"URI": "https://commerce-app.gov.in/meidb/Default.asp",
			"geography": "India",
			"units": "Millions of tonnes",
			"title": "Imports from Viet Nam of COKE AND SEMI-COKE OF LIGNITE OR OF PEAT"
		},
		{
			"name": "VNM.27012090",
			"type": "number",
			"organisation": "Department of Commerce",
			"source": "System On India's Monthly Trade",
			"URI": "https://commerce-app.gov.in/meidb/Default.asp",
			"geography": "India",
			"units": "Millions of tonnes",
			"title": "Imports from Viet Nam of OTHER SOLID FUELS FROM COAL"
		},
		{
			"name": "VNM.27021000",
			"type": "number",
			"organisation": "Department of Commerce",
			"source": "System On India's Monthly Trade",
			"URI": "https://commerce-app.gov.in/meidb/Default.asp",
			"geography": "India",
			"units": "Millions of tonnes",
			"title": "Imports from Viet Nam of LIGNITE W/N PULVRSD BUT NOT AGLOMRTD"
		},
		{
			"name": "VNM.27030010",
			"type": "number",
			"organisation": "Department of Commerce",
			"source": "System On India's Monthly Trade",
			"URI": "https://commerce-app.gov.in/meidb/Default.asp",
			"geography": "India",
			"units": "Millions of tonnes",
			"title": "Imports from Viet Nam of PEAT W/N CMPRSSD INTO BALS BT NT AGLMRTD"
		},
		{
			"name": "VNM.27030090",
			"type": "number",
			"organisation": "Department of Commerce",
			"source": "System On India's Monthly Trade",
			"URI": "https://commerce-app.gov.in/meidb/Default.asp",
			"geography": "India",
			"units": "Millions of tonnes",
			"title": "Imports from Viet Nam of OTHER PEAT W/N AGLOMRTD"
		},
		{
			"name": "VNM.27040040",
			"type": "number",
			"organisation": "Department of Commerce",
			"source": "System On India's Monthly Trade",
			"URI": "https://commerce-app.gov.in/meidb/Default.asp",
			"geography": "India",
			"units": "Millions of tonnes",
			"title": "Imports from Viet Nam of SOFT COKE OF COAL"
		},
		{
			"name": "VNM.27022000",
			"type": "number",
			"organisation": "Department of Commerce",
			"source": "System On India's Monthly Trade",
			"URI": "https://commerce-app.gov.in/meidb/Default.asp",
			"geography": "India",
			"units": "Millions of tonnes",
			"title": "Imports from Viet Nam of AGGLOMERATED LIGNITE"
		},
		{
			"name": "VNM.27012010",
			"type": "number",
			"organisation": "Department of Commerce",
			"source": "System On India's Monthly Trade",
			"URI": "https://commerce-app.gov.in/meidb/Default.asp",
			"geography": "India",
			"units": "Millions of tonnes",
			"title": "Imports from Viet Nam of ANTHRACITE AGGLOMERATED"
		},
		{
			"name": "ZAF.27011100",
			"type": "number",
			"organisation": "Department of Commerce",
			"source": "System On India's Monthly Trade",
			"URI": "https://commerce-app.gov.in/meidb/Default.asp",
			"geography": "India",
			"units": "Millions of tonnes",
			"title": "Imports from South Africa of ANTHRCITE COAL W/N PULVRSD BUT NT AGLOMRTD"
		},
		{
			"name": "ZAF.27011200",
			"type": "number",
			"organisation": "Department of Commerce",
			"source": "System On India's Monthly Trade",
			"URI": "https://commerce-app.gov.in/meidb/Default.asp",
			"geography": "India",
			"units": "Millions of tonnes",
			"title": "Imports from South Africa of BITUMNS COAL W/N PULVRSD BUT NT AGLOMRTD"
		},
		{
			"name": "ZAF.27011910",
			"type": "number",
			"organisation": "Department of Commerce",
			"source": "System On India's Monthly Trade",
			"URI": "https://commerce-app.gov.in/meidb/Default.asp",
			"geography": "India",
			"units": "Millions of tonnes",
			"title": "Imports from South Africa of COKING COAL"
		},
		{
			"name": "ZAF.27011920",
			"type": "number",
			"organisation": "Department of Commerce",
			"source": "System On India's Monthly Trade",
			"URI": "https://commerce-app.gov.in/meidb/Default.asp",
			"geography": "India",
			"units": "Millions of tonnes",
			"title": "Imports from South Africa of STEAM COAL"
		},
		{
			"name": "ZAF.27011990",
			"type": "number",
			"organisation": "Department of Commerce",
			"source": "System On India's Monthly Trade",
			"URI": "https://commerce-app.gov.in/meidb/Default.asp",
			"geography": "India",
			"units": "Millions of tonnes",
			"title": "Imports from South Africa of OTHER COAL W/N PULVRSD BUT NTAGLDMRTD"
		},
		{
			"name": "ZAF.27040090",
			"type": "number",
			"organisation": "Department of Commerce",
			"source": "System On India's Monthly Trade",
			"URI": "https://commerce-app.gov.in/meidb/Default.asp",
			"geography": "India",
			"units": "Millions of tonnes",
			"title": "Imports from South Africa of OTHER COKES OF COAL"
		},
		{
			"name": "ZAF.27040030",
			"type": "number",
			"organisation": "Department of Commerce",
			"source": "System On India's Monthly Trade",
			"URI": "https://commerce-app.gov.in/meidb/Default.asp",
			"geography": "India",
			"units": "Millions of tonnes",
			"title": "Imports from South Africa of HARD COKE OF COAL"
		},
		{
			"name": "ZAF.27040010",
			"type": "number",
			"organisation": "Department of Commerce",
			"source": "System On India's Monthly Trade",
			"URI": "https://commerce-app.gov.in/meidb/Default.asp",
			"geography": "India",
			"units": "Millions of tonnes",
			"title": "Imports from South Africa of RETORT CARBON (GAS CARBON)"
		},
		{
			"name": "ZAF.27040020",
			"type": "number",
			"organisation": "Department of Commerce",
			"source": "System On India's Monthly Trade",
			"URI": "https://commerce-app.gov.in/meidb/Default.asp",
			"geography": "India",
			"units": "Millions of tonnes",
			"title": "Imports from South Africa of COKE AND SEMI-COKE OF LIGNITE OR OF PEAT"
		},
		{
			"name": "ZAF.27012090",
			"type": "number",
			"organisation": "Department of Commerce",
			"source": "System On India's Monthly Trade",
			"URI": "https://commerce-app.gov.in/meidb/Default.asp",
			"geography": "India",
			"units": "Millions of tonnes",
			"title": "Imports from South Africa of OTHER SOLID FUELS FROM COAL"
		},
		{
			"name": "ZAF.27021000",
			"type": "number",
			"organisation": "Department of Commerce",
			"source": "System On India's Monthly Trade",
			"URI": "https://commerce-app.gov.in/meidb/Default.asp",
			"geography": "India",
			"units": "Millions of tonnes",
			"title": "Imports from South Africa of LIGNITE W/N PULVRSD BUT NOT AGLOMRTD"
		},
		{
			"name": "ZAF.27030010",
			"type": "number",
			"organisation": "Department of Commerce",
			"source": "System On India's Monthly Trade",
			"URI": "https://commerce-app.gov.in/meidb/Default.asp",
			"geography": "India",
			"units": "Millions of tonnes",
			"title": "Imports from South Africa of PEAT W/N CMPRSSD INTO BALS BT NT AGLMRTD"
		},
		{
			"name": "ZAF.27030090",
			"type": "number",
			"organisation": "Department of Commerce",
			"source": "System On India's Monthly Trade",
			"URI": "https://commerce-app.gov.in/meidb/Default.asp",
			"geography": "India",
			"units": "Millions of tonnes",
			"title": "Imports from South Africa of OTHER PEAT W/N AGLOMRTD"
		},
		{
			"name": "ZAF.27040040",
			"type": "number",
			"organisation": "Department of Commerce",
			"source": "System On India's Monthly Trade",
			"URI": "https://commerce-app.gov.in/meidb/Default.asp",
			"geography": "India",
			"units": "Millions of tonnes",
			"title": "Imports from South Africa of SOFT COKE OF COAL"
		},
		{
			"name": "ZAF.27022000",
			"type": "number",
			"organisation": "Department of Commerce",
			"source": "System On India's Monthly Trade",
			"URI": "https://commerce-app.gov.in/meidb/Default.asp",
			"geography": "India",
			"units": "Millions of tonnes",
			"title": "Imports from South Africa of AGGLOMERATED LIGNITE"
		},
		{
			"name": "ZAF.27012010",
			"type": "number",
			"organisation": "Department of Commerce",
			"source": "System On India's Monthly Trade",
			"URI": "https://commerce-app.gov.in/meidb/Default.asp",
			"geography": "India",
			"units": "Millions of tonnes",
			"title": "Imports from South Africa of ANTHRACITE AGGLOMERATED"
		}
	]
}