{
	"fields": [
		{
			"name": "YYYYMM",
			"title": "Month",
			"type": "number"
		},
		{
			"name": "GAS.PRD.GRS",
			"title": "Natural gas production: Gross",
			"type": "number",
			"organisation": "Petroleum Planning & Analysis Cell",
			"source": "Gross / Net Production in India",
			"URI": "https://www.ppac.gov.in/content/151_1_ProductionNaturalGas.aspx",
			"geography": "India",
			"units": "million standard cubic metres"
		},
		{
			"name": "GAS.PRD.NET",
			"title": "Natural gas production: Net",
			"type": "number",
			"organisation": "Petroleum Planning & Analysis Cell",
			"source": "Gross / Net Production in India",
			"URI": "https://www.ppac.gov.in/content/151_1_ProductionNaturalGas.aspx",
			"geography": "India",
			"units": "million standard cubic metres"
		},
		{
			"name": "GAS.IMP",
			"title": "Natural gas imports",
			"type": "number",
			"organisation": "Petroleum Planning & Analysis Cell",
			"source": "Gross / Net Production in India",
			"URI": "https://www.ppac.gov.in/content/151_1_ProductionNaturalGas.aspx",
			"geography": "India",
			"units": "million standard cubic metres"
		},
		{
			"name": "GAS.IMP.PRV",
			"title": "Provisional natural gas imports",
			"type": "number",
			"organisation": "Petroleum Planning & Analysis Cell",
			"source": "PPAC's Snapshot of India's Oil & Gas data",
			"URI": "https://www.ppac.gov.in/View_All_Reports.aspx",
			"geography": "India",
			"units": "million standard cubic metres"
		},
		{
			"name": "GAS.CON.PWR",
			"title": "Natural gas consumption: Power",
			"type": "number",
			"organisation": "Petroleum Planning & Analysis Cell",
			"source": "Gas Consumption",
			"URI": "https://www.ppac.gov.in/content/152_1_Consumption.aspx",
			"geography": "India",
			"units": "million standard cubic metres"
		},
		{
			"name": "GAS.CON.CGD",
			"title": "Natural gas consumption: City Gas",
			"type": "number",
			"organisation": "Petroleum Planning & Analysis Cell",
			"source": "Gas Consumption",
			"URI": "https://www.ppac.gov.in/content/152_1_Consumption.aspx",
			"geography": "India",
			"units": "million standard cubic metres"
		},
		{
			"name": "GAS.CON.REF",
			"title": "Natural gas consumption: Refineries",
			"type": "number",
			"organisation": "Petroleum Planning & Analysis Cell",
			"source": "Gas Consumption",
			"URI": "https://www.ppac.gov.in/content/152_1_Consumption.aspx",
			"geography": "India",
			"units": "million standard cubic metres"
		},
		{
			"name": "GAS.CON.INT",
			"title": "Natural gas consumption: Internal consumption for Pipeline System",
			"type": "number",
			"organisation": "Petroleum Planning & Analysis Cell",
			"source": "Gas Consumption",
			"URI": "https://www.ppac.gov.in/content/152_1_Consumption.aspx",
			"geography": "India",
			"units": "million standard cubic metres"
		},
		{
			"name": "GAS.CON.TEA",
			"title": "Natural gas consumption: Agriculture(Tea Plantation)",
			"type": "number",
			"organisation": "Petroleum Planning & Analysis Cell",
			"source": "Gas Consumption",
			"URI": "https://www.ppac.gov.in/content/152_1_Consumption.aspx",
			"geography": "India",
			"units": "million standard cubic metres"
		},
		{
			"name": "GAS.CON.IND",
			"title": "Natural gas consumption: Industrial",
			"type": "number",
			"organisation": "Petroleum Planning & Analysis Cell",
			"source": "Gas Consumption",
			"URI": "https://www.ppac.gov.in/content/152_1_Consumption.aspx",
			"geography": "India",
			"units": "million standard cubic metres"
		},
		{
			"name": "GAS.CON.MFG",
			"title": "Natural gas consumption: Manufacturing",
			"type": "number",
			"organisation": "Petroleum Planning & Analysis Cell",
			"source": "Gas Consumption",
			"URI": "https://www.ppac.gov.in/content/152_1_Consumption.aspx",
			"geography": "India",
			"units": "million standard cubic metres"
		},
		{
			"name": "GAS.CON.OTH",
			"title": "Natural gas consumption: Others",
			"type": "number",
			"organisation": "Petroleum Planning & Analysis Cell",
			"source": "Gas Consumption",
			"URI": "https://www.ppac.gov.in/content/152_1_Consumption.aspx",
			"geography": "India",
			"units": "million standard cubic metres"
		},
		{
			"name": "GAS.CON.FRT",
			"title": "Natural gas consumption: Fertiliser",
			"type": "number",
			"organisation": "Petroleum Planning & Analysis Cell",
			"source": "Gas Consumption",
			"URI": "https://www.ppac.gov.in/content/152_1_Consumption.aspx",
			"geography": "India",
			"units": "million standard cubic metres"
		},
		{
			"name": "GAS.CON.PET",
			"title": "Natural gas consumption: Petrochems",
			"type": "number",
			"organisation": "Petroleum Planning & Analysis Cell",
			"source": "Gas Consumption",
			"URI": "https://www.ppac.gov.in/content/152_1_Consumption.aspx",
			"geography": "India",
			"units": "million standard cubic metres"
		},
		{
			"name": "GAS.CON.SHR",
			"title": "Natural gas consumption: LPG Shrinkage",
			"type": "number",
			"organisation": "Petroleum Planning & Analysis Cell",
			"source": "Gas Consumption",
			"URI": "https://www.ppac.gov.in/content/152_1_Consumption.aspx",
			"geography": "India",
			"units": "million standard cubic metres"
		},
		{
			"name": "GAS.CON.IRN",
			"title": "Natural gas consumption: Sponge Iron/Steel",
			"type": "number",
			"organisation": "Petroleum Planning & Analysis Cell",
			"source": "Gas Consumption",
			"URI": "https://www.ppac.gov.in/content/152_1_Consumption.aspx",
			"geography": "India",
			"units": "million standard cubic metres"
		},
		{
			"name": "GAS.CON.TOT",
			"title": "Natural gas consumption: Total",
			"type": "number",
			"organisation": "Petroleum Planning & Analysis Cell",
			"source": "Gas Consumption",
			"URI": "https://www.ppac.gov.in/content/152_1_Consumption.aspx",
			"geography": "India",
			"units": "million standard cubic metres"
		}
	]
}