{
	"fields": [
		{
			"name": "yyyymm",
			"title": "Month",
			"type": "number"
		},
		{
			"name": "PET.LPG.CON",
			"type": "number",
			"organisation": "Petroleum Planning & Analysis Cell",
			"source": "Consumption of Petroleum Products",
			"URI": "https://www.ppac.gov.in/content/147_1_ConsumptionPetroleum.aspx",
			"geography": "India",
			"units": "thousands of tonnes",
			"title": "Petroleum product consumption: LPG"
		},
		{
			"name": "PET.NAP.CON",
			"type": "number",
			"organisation": "Petroleum Planning & Analysis Cell",
			"source": "Consumption of Petroleum Products",
			"URI": "https://www.ppac.gov.in/content/147_1_ConsumptionPetroleum.aspx",
			"geography": "India",
			"units": "thousands of tonnes",
			"title": "Petroleum product consumption: Naphtha"
		},
		{
			"name": "PET.MSP.CON",
			"type": "number",
			"organisation": "Petroleum Planning & Analysis Cell",
			"source": "Consumption of Petroleum Products",
			"URI": "https://www.ppac.gov.in/content/147_1_ConsumptionPetroleum.aspx",
			"geography": "India",
			"units": "thousands of tonnes",
			"title": "Petroleum product consumption: Petrol"
		},
		{
			"name": "PET.ATF.CON",
			"type": "number",
			"organisation": "Petroleum Planning & Analysis Cell",
			"source": "Consumption of Petroleum Products",
			"URI": "https://www.ppac.gov.in/content/147_1_ConsumptionPetroleum.aspx",
			"geography": "India",
			"units": "thousands of tonnes",
			"title": "Petroleum product consumption: Avgas"
		},
		{
			"name": "PET.SKO.CON",
			"type": "number",
			"organisation": "Petroleum Planning & Analysis Cell",
			"source": "Consumption of Petroleum Products",
			"URI": "https://www.ppac.gov.in/content/147_1_ConsumptionPetroleum.aspx",
			"geography": "India",
			"units": "thousands of tonnes",
			"title": "Petroleum product consumption: Kerosene"
		},
		{
			"name": "PET.HSD.CON",
			"type": "number",
			"organisation": "Petroleum Planning & Analysis Cell",
			"source": "Consumption of Petroleum Products",
			"URI": "https://www.ppac.gov.in/content/147_1_ConsumptionPetroleum.aspx",
			"geography": "India",
			"units": "thousands of tonnes",
			"title": "Petroleum product consumption: Diesel"
		},
		{
			"name": "PET.LDO.CON",
			"type": "number",
			"organisation": "Petroleum Planning & Analysis Cell",
			"source": "Consumption of Petroleum Products",
			"URI": "https://www.ppac.gov.in/content/147_1_ConsumptionPetroleum.aspx",
			"geography": "India",
			"units": "thousands of tonnes",
			"title": "Petroleum product consumption: Light Diesel Oil"
		},
		{
			"name": "PET.LUB.CON",
			"type": "number",
			"organisation": "Petroleum Planning & Analysis Cell",
			"source": "Consumption of Petroleum Products",
			"URI": "https://www.ppac.gov.in/content/147_1_ConsumptionPetroleum.aspx",
			"geography": "India",
			"units": "thousands of tonnes",
			"title": "Petroleum product consumption: Lubricants & Greases"
		},
		{
			"name": "PET.SEC.CON",
			"type": "number",
			"organisation": "Petroleum Planning & Analysis Cell",
			"source": "Consumption of Petroleum Products",
			"URI": "https://www.ppac.gov.in/content/147_1_ConsumptionPetroleum.aspx",
			"geography": "India",
			"units": "thousands of tonnes",
			"title": "Petroleum product consumption: Furnace oil / Residual fuel oil"
		},
		{
			"name": "PET.BIT.CON",
			"type": "number",
			"organisation": "Petroleum Planning & Analysis Cell",
			"source": "Consumption of Petroleum Products",
			"URI": "https://www.ppac.gov.in/content/147_1_ConsumptionPetroleum.aspx",
			"geography": "India",
			"units": "thousands of tonnes",
			"title": "Petroleum product consumption: Bitumen"
		},
		{
			"name": "PET.PCK.CON",
			"type": "number",
			"organisation": "Petroleum Planning & Analysis Cell",
			"source": "Consumption of Petroleum Products",
			"URI": "https://www.ppac.gov.in/content/147_1_ConsumptionPetroleum.aspx",
			"geography": "India",
			"units": "thousands of tonnes",
			"title": "Petroleum product consumption: Petroleum coke"
		},
		{
			"name": "PET.OTH.CON",
			"type": "number",
			"organisation": "Petroleum Planning & Analysis Cell",
			"source": "Consumption of Petroleum Products",
			"URI": "https://www.ppac.gov.in/content/147_1_ConsumptionPetroleum.aspx",
			"geography": "India",
			"units": "thousands of tonnes",
			"title": "Petroleum product consumption: Others"
		},
		{
			"name": "PET.TOT.CON",
			"type": "number",
			"organisation": "Petroleum Planning & Analysis Cell",
			"source": "Consumption of Petroleum Products",
			"URI": "https://www.ppac.gov.in/content/147_1_ConsumptionPetroleum.aspx",
			"geography": "India",
			"units": "thousands of tonnes",
			"title": "Petroleum product consumption: Total"
		},
		{
			"name": "PET.TOT.PRD",
			"units": "thousands of tonnes",
			"URI": "https://www.ppac.gov.in/content/146_1_ProductionPetroleum.aspx",
			"organisation": "Petroleum Planning & Analysis Cell",
			"type": "number",
			"source": "Production of Petroleum Products",
			"geography": "India",
			"title": "Total refinery output"
		},
		{
			"name": "GAS.PRD.GRS",
			"title": "Natural gas production: Gross",
			"type": "number",
			"organisation": "Petroleum Planning & Analysis Cell",
			"source": "Gross / Net Production in India",
			"URI": "https://www.ppac.gov.in/content/151_1_ProductionNaturalGas.aspx",
			"geography": "India",
			"units": "million standard cubic metres"
		},
		{
			"name": "GAS.PRD.NET",
			"title": "Natural gas production: Net",
			"type": "number",
			"organisation": "Petroleum Planning & Analysis Cell",
			"source": "Gross / Net Production in India",
			"URI": "https://www.ppac.gov.in/content/151_1_ProductionNaturalGas.aspx",
			"geography": "India",
			"units": "million standard cubic metres"
		},
		{
			"name": "GAS.IMP",
			"title": "Natural gas imports",
			"type": "number",
			"organisation": "Petroleum Planning & Analysis Cell",
			"source": "Gross / Net Production in India",
			"URI": "https://www.ppac.gov.in/content/151_1_ProductionNaturalGas.aspx",
			"geography": "India",
			"units": "million standard cubic metres"
		},
		{
			"name": "GAS.IMP.PRV",
			"title": "Provisional natural gas imports",
			"type": "number",
			"organisation": "Petroleum Planning & Analysis Cell",
			"source": "PPAC's Snapshot of India's Oil & Gas data",
			"URI": "https://www.ppac.gov.in/View_All_Reports.aspx",
			"geography": "India",
			"units": "million standard cubic metres"
		},
		{
			"name": "GAS.CON.PWR",
			"title": "Natural gas consumption: Power",
			"type": "number",
			"organisation": "Petroleum Planning & Analysis Cell",
			"source": "Gas Consumption",
			"URI": "https://www.ppac.gov.in/content/152_1_Consumption.aspx",
			"geography": "India",
			"units": "million standard cubic metres"
		},
		{
			"name": "GAS.CON.CGD",
			"title": "Natural gas consumption: City Gas",
			"type": "number",
			"organisation": "Petroleum Planning & Analysis Cell",
			"source": "Gas Consumption",
			"URI": "https://www.ppac.gov.in/content/152_1_Consumption.aspx",
			"geography": "India",
			"units": "million standard cubic metres"
		},
		{
			"name": "GAS.CON.REF",
			"title": "Natural gas consumption: Refineries",
			"type": "number",
			"organisation": "Petroleum Planning & Analysis Cell",
			"source": "Gas Consumption",
			"URI": "https://www.ppac.gov.in/content/152_1_Consumption.aspx",
			"geography": "India",
			"units": "million standard cubic metres"
		},
		{
			"name": "GAS.CON.INT",
			"title": "Natural gas consumption: Internal consumption for Pipeline System",
			"type": "number",
			"organisation": "Petroleum Planning & Analysis Cell",
			"source": "Gas Consumption",
			"URI": "https://www.ppac.gov.in/content/152_1_Consumption.aspx",
			"geography": "India",
			"units": "million standard cubic metres"
		},
		{
			"name": "GAS.CON.TEA",
			"title": "Natural gas consumption: Agriculture(Tea Plantation)",
			"type": "number",
			"organisation": "Petroleum Planning & Analysis Cell",
			"source": "Gas Consumption",
			"URI": "https://www.ppac.gov.in/content/152_1_Consumption.aspx",
			"geography": "India",
			"units": "million standard cubic metres"
		},
		{
			"name": "GAS.CON.IND",
			"title": "Natural gas consumption: Industrial",
			"type": "number",
			"organisation": "Petroleum Planning & Analysis Cell",
			"source": "Gas Consumption",
			"URI": "https://www.ppac.gov.in/content/152_1_Consumption.aspx",
			"geography": "India",
			"units": "million standard cubic metres"
		},
		{
			"name": "GAS.CON.MFG",
			"title": "Natural gas consumption: Manufacturing",
			"type": "number",
			"organisation": "Petroleum Planning & Analysis Cell",
			"source": "Gas Consumption",
			"URI": "https://www.ppac.gov.in/content/152_1_Consumption.aspx",
			"geography": "India",
			"units": "million standard cubic metres"
		},
		{
			"name": "GAS.CON.OTH",
			"title": "Natural gas consumption: Others",
			"type": "number",
			"organisation": "Petroleum Planning & Analysis Cell",
			"source": "Gas Consumption",
			"URI": "https://www.ppac.gov.in/content/152_1_Consumption.aspx",
			"geography": "India",
			"units": "million standard cubic metres"
		},
		{
			"name": "GAS.CON.FRT",
			"title": "Natural gas consumption: Fertiliser",
			"type": "number",
			"organisation": "Petroleum Planning & Analysis Cell",
			"source": "Gas Consumption",
			"URI": "https://www.ppac.gov.in/content/152_1_Consumption.aspx",
			"geography": "India",
			"units": "million standard cubic metres"
		},
		{
			"name": "GAS.CON.PET",
			"title": "Natural gas consumption: Petrochems",
			"type": "number",
			"organisation": "Petroleum Planning & Analysis Cell",
			"source": "Gas Consumption",
			"URI": "https://www.ppac.gov.in/content/152_1_Consumption.aspx",
			"geography": "India",
			"units": "million standard cubic metres"
		},
		{
			"name": "GAS.CON.SHR",
			"title": "Natural gas consumption: LPG Shrinkage",
			"type": "number",
			"organisation": "Petroleum Planning & Analysis Cell",
			"source": "Gas Consumption",
			"URI": "https://www.ppac.gov.in/content/152_1_Consumption.aspx",
			"geography": "India",
			"units": "million standard cubic metres"
		},
		{
			"name": "GAS.CON.IRN",
			"title": "Natural gas consumption: Sponge Iron/Steel",
			"type": "number",
			"organisation": "Petroleum Planning & Analysis Cell",
			"source": "Gas Consumption",
			"URI": "https://www.ppac.gov.in/content/152_1_Consumption.aspx",
			"geography": "India",
			"units": "million standard cubic metres"
		},
		{
			"name": "GAS.CON.TOT",
			"title": "Natural gas consumption: Total",
			"type": "number",
			"organisation": "Petroleum Planning & Analysis Cell",
			"source": "Gas Consumption",
			"URI": "https://www.ppac.gov.in/content/152_1_Consumption.aspx",
			"geography": "India",
			"units": "million standard cubic metres"
		},
		{
			"name": "COL.HRD.PRD.CIL.REV",
			"organisation": "Coal India Limited",
			"source": "Provisional production and offtake performances of CIL and it's subsidiaries companies",
			"units": "millions of tonnes",
			"geography": "India",
			"URI": "https://www.bseindia.com/corporates/ann.html",
			"type": "number",
			"title": "Revised CIL hard coal production"
		},
		{
			"name": "COL.HRD.DES.CIL.REV",
			"organisation": "Coal India Limited",
			"source": "Provisional production and offtake performances of CIL and it's subsidiaries companies",
			"units": "millions of tonnes",
			"geography": "India",
			"URI": "https://www.bseindia.com/corporates/ann.html",
			"type": "number",
			"title": "Revised CIL hard coal despatch"
		},
		{
			"name": "COL.HRD.PRD.CIL.PRV",
			"organisation": "Coal India Limited",
			"source": "Provisional production and offtake performances of CIL and it's subsidiaries companies",
			"units": "millions of tonnes",
			"geography": "India",
			"URI": "https://www.bseindia.com/corporates/ann.html",
			"type": "number",
			"title": "Provisional CIL hard coal production"
		},
		{
			"name": "COL.HRD.DES.CIL.PRV",
			"organisation": "Coal India Limited",
			"source": "Provisional production and offtake performances of CIL and it's subsidiaries companies",
			"units": "millions of tonnes",
			"geography": "India",
			"URI": "https://www.bseindia.com/corporates/ann.html",
			"type": "number",
			"title": "Provisional CIL hard coal despatch"
		},
		{
			"name": "COL.HRD.PRD.SCCL.PRV",
			"organisation": "Singareni Collieries Company Limited",
			"source": "Provisional Production and Dispatches Performance of SCCL",
			"units": "millions of tonnes",
			"geography": "India",
			"URI": "https://scclmines.com/scclnew/performance_production.asp",
			"type": "number",
			"title": "Provisional SCCL hard coal production"
		},
		{
			"name": "COL.HRD.DES.SCCL.PRV",
			"organisation": "Singareni Collieries Company Limited",
			"source": "Provisional Production and Dispatches Performance of SCCL",
			"units": "millions of tonnes",
			"geography": "India",
			"URI": "https://scclmines.com/scclnew/performance_production.asp",
			"type": "number",
			"title": "Provisional SCCL hard coal despatch"
		},
		{
			"name": "COL.HRD.PRD.SCCL.REV",
			"organisation": "Singareni Collieries Company Limited",
			"source": "Provisional Production and Dispatches Performance of SCCL",
			"units": "millions of tonnes",
			"geography": "India",
			"URI": "https://scclmines.com/scclnew/performance_production.asp",
			"type": "number",
			"title": "Revised SCCL hard coal production"
		},
		{
			"name": "COL.HRD.DES.SCCL.REV",
			"organisation": "Singareni Collieries Company Limited",
			"source": "Provisional Production and Dispatches Performance of SCCL",
			"units": "millions of tonnes",
			"geography": "India",
			"URI": "https://scclmines.com/scclnew/performance_production.asp",
			"type": "number",
			"title": "Revised SCCL hard coal despatch"
		},
		{
			"name": "COL.HRD.IMP.CIS",
			"type": "number",
			"organisation": "Directorate General of Commercial Intelligence and Statistics",
			"source": "Foreign Trade Data Dissemination Portal",
			"URI": "http://14.98.253.4/",
			"geography": "India",
			"units": "millions of tonnes",
			"title": "Coal imports"
		},
		{
			"name": "COL.HRD.EXP.CIS",
			"type": "number",
			"organisation": "Directorate General of Commercial Intelligence and Statistics",
			"source": "Foreign Trade Data Dissemination Portal",
			"URI": "http://14.98.253.4/",
			"geography": "India",
			"units": "millions of tonnes",
			"title": "Coal exports"
		},
		{
			"name": "COL.HRD.IMP.COK.DOC",
			"type": "number",
			"organisation": "Department of Commerce",
			"source": "System On India's Monthly Trade",
			"URI": "https://commerce-app.gov.in/meidb/Default.asp",
			"geography": "India",
			"units": "Millions of tonnes",
			"title": "Coal imports: coking coal"
		},
		{
			"name": "COL.HRD.IMP.STM.DOC",
			"type": "number",
			"organisation": "Department of Commerce",
			"source": "System On India's Monthly Trade",
			"URI": "https://commerce-app.gov.in/meidb/Default.asp",
			"geography": "India",
			"units": "Millions of tonnes",
			"title": "Coal imports: steam coal"
		},
		{
			"name": "COL.HRD.IMP.TOT.DOC",
			"type": "number",
			"organisation": "Department of Commerce",
			"source": "System On India's Monthly Trade",
			"URI": "https://commerce-app.gov.in/meidb/Default.asp",
			"geography": "India",
			"units": "Millions of tonnes",
			"title": "Coal imports: total"
		},
		{
			"name": "COL.HRD.PRD.PRV",
			"title": "Provisional hard coal production",
			"type": "number",
			"organisation": "Ministry of Mines",
			"source": "Press Releases",
			"URI": "https://pib.gov.in/allRel.aspx",
			"geography": "India",
			"units": "millions of tonnes"
		},
		{
			"name": "COL.LIG.PRD.PRV",
			"title": "Provisional lignite production",
			"type": "number",
			"organisation": "Ministry of Mines",
			"source": "Press Releases",
			"URI": "https://pib.gov.in/allRel.aspx",
			"geography": "India",
			"units": "millions of tonnes"
		},
		{
			"name": "COL.HRD.PRD.REV",
			"title": "Revised hard coal production",
			"type": "number",
			"organisation": "Indian Bureau of Mines",
			"source": "Monthly statistics of mineral production",
			"URI": "https://ibm.gov.in/?c=pages&m=index&id=497",
			"geography": "India",
			"units": "millions of tonnes"
		},
		{
			"name": "COL.LIG.PRD.REV",
			"title": "Revised lignite production",
			"type": "number",
			"organisation": "Indian Bureau of Mines",
			"source": "Monthly statistics of mineral production",
			"URI": "https://ibm.gov.in/?c=pages&m=index&id=497",
			"geography": "India",
			"units": "millions of tonnes"
		},
		{
			"name": "COL.HRD.PRD.ECL.MCL",
			"source": "Monthly Statistics at a glance",
			"organisation": "Ministry of Coal",
			"URI": "https://coal.nic.in/en/public-information/monthly-statistics-at-glance",
			"geography": "India",
			"units": "millions of tonnes",
			"type": "number",
			"title": "Coal production: ECL"
		},
		{
			"name": "COL.HRD.PRD.BCCL.MCL",
			"source": "Monthly Statistics at a glance",
			"organisation": "Ministry of Coal",
			"URI": "https://coal.nic.in/en/public-information/monthly-statistics-at-glance",
			"geography": "India",
			"units": "millions of tonnes",
			"type": "number",
			"title": "Coal production: BCCL"
		},
		{
			"name": "COL.HRD.PRD.CCL.MCL",
			"source": "Monthly Statistics at a glance",
			"organisation": "Ministry of Coal",
			"URI": "https://coal.nic.in/en/public-information/monthly-statistics-at-glance",
			"geography": "India",
			"units": "millions of tonnes",
			"type": "number",
			"title": "Coal production: CCL"
		},
		{
			"name": "COL.HRD.PRD.NCL.MCL",
			"source": "Monthly Statistics at a glance",
			"organisation": "Ministry of Coal",
			"URI": "https://coal.nic.in/en/public-information/monthly-statistics-at-glance",
			"geography": "India",
			"units": "millions of tonnes",
			"type": "number",
			"title": "Coal production: NCL"
		},
		{
			"name": "COL.HRD.PRD.WCL.MCL",
			"source": "Monthly Statistics at a glance",
			"organisation": "Ministry of Coal",
			"URI": "https://coal.nic.in/en/public-information/monthly-statistics-at-glance",
			"geography": "India",
			"units": "millions of tonnes",
			"type": "number",
			"title": "Coal production: WCL"
		},
		{
			"name": "COL.HRD.PRD.SECL.MCL",
			"source": "Monthly Statistics at a glance",
			"organisation": "Ministry of Coal",
			"URI": "https://coal.nic.in/en/public-information/monthly-statistics-at-glance",
			"geography": "India",
			"units": "millions of tonnes",
			"type": "number",
			"title": "Coal production: SECL"
		},
		{
			"name": "COL.HRD.PRD.MCL.MCL",
			"source": "Monthly Statistics at a glance",
			"organisation": "Ministry of Coal",
			"URI": "https://coal.nic.in/en/public-information/monthly-statistics-at-glance",
			"geography": "India",
			"units": "millions of tonnes",
			"type": "number",
			"title": "Coal production: MCL"
		},
		{
			"name": "COL.HRD.PRD.NEC.MCL",
			"source": "Monthly Statistics at a glance",
			"organisation": "Ministry of Coal",
			"URI": "https://coal.nic.in/en/public-information/monthly-statistics-at-glance",
			"geography": "India",
			"units": "millions of tonnes",
			"type": "number",
			"title": "Coal production: NEC"
		},
		{
			"name": "COL.HRD.PRD.CIL.MCL",
			"source": "Monthly Statistics at a glance",
			"organisation": "Ministry of Coal",
			"URI": "https://coal.nic.in/en/public-information/monthly-statistics-at-glance",
			"geography": "India",
			"units": "millions of tonnes",
			"type": "number",
			"title": "Coal production: CIL"
		},
		{
			"name": "COL.HRD.PRD.SCCL.MCL",
			"source": "Monthly Statistics at a glance",
			"organisation": "Ministry of Coal",
			"URI": "https://coal.nic.in/en/public-information/monthly-statistics-at-glance",
			"geography": "India",
			"units": "millions of tonnes",
			"type": "number",
			"title": "Coal production: SCCL"
		},
		{
			"name": "COL.HRD.PRD.CaptivesOthers.MCL",
			"source": "Monthly Statistics at a glance",
			"organisation": "Ministry of Coal",
			"URI": "https://coal.nic.in/en/public-information/monthly-statistics-at-glance",
			"geography": "India",
			"units": "millions of tonnes",
			"type": "number",
			"title": "Coal production: Captives/Others"
		},
		{
			"name": "COL.HRD.PRD.GrandTotal.MCL",
			"source": "Monthly Statistics at a glance",
			"organisation": "Ministry of Coal",
			"URI": "https://coal.nic.in/en/public-information/monthly-statistics-at-glance",
			"geography": "India",
			"units": "millions of tonnes",
			"type": "number",
			"title": "Coal production: Grand Total"
		},
		{
			"name": "COL.HRD.DES.ECL.MCL",
			"source": "Monthly Statistics at a glance",
			"organisation": "Ministry of Coal",
			"URI": "https://coal.nic.in/en/public-information/monthly-statistics-at-glance",
			"geography": "India",
			"units": "millions of tonnes",
			"type": "number",
			"title": "Coal despatch: ECL"
		},
		{
			"name": "COL.HRD.DES.BCCL.MCL",
			"source": "Monthly Statistics at a glance",
			"organisation": "Ministry of Coal",
			"URI": "https://coal.nic.in/en/public-information/monthly-statistics-at-glance",
			"geography": "India",
			"units": "millions of tonnes",
			"type": "number",
			"title": "Coal despatch: BCCL"
		},
		{
			"name": "COL.HRD.DES.CCL.MCL",
			"source": "Monthly Statistics at a glance",
			"organisation": "Ministry of Coal",
			"URI": "https://coal.nic.in/en/public-information/monthly-statistics-at-glance",
			"geography": "India",
			"units": "millions of tonnes",
			"type": "number",
			"title": "Coal despatch: CCL"
		},
		{
			"name": "COL.HRD.DES.NCL.MCL",
			"source": "Monthly Statistics at a glance",
			"organisation": "Ministry of Coal",
			"URI": "https://coal.nic.in/en/public-information/monthly-statistics-at-glance",
			"geography": "India",
			"units": "millions of tonnes",
			"type": "number",
			"title": "Coal despatch: NCL"
		},
		{
			"name": "COL.HRD.DES.WCL.MCL",
			"source": "Monthly Statistics at a glance",
			"organisation": "Ministry of Coal",
			"URI": "https://coal.nic.in/en/public-information/monthly-statistics-at-glance",
			"geography": "India",
			"units": "millions of tonnes",
			"type": "number",
			"title": "Coal despatch: WCL"
		},
		{
			"name": "COL.HRD.DES.SECL.MCL",
			"source": "Monthly Statistics at a glance",
			"organisation": "Ministry of Coal",
			"URI": "https://coal.nic.in/en/public-information/monthly-statistics-at-glance",
			"geography": "India",
			"units": "millions of tonnes",
			"type": "number",
			"title": "Coal despatch: SECL"
		},
		{
			"name": "COL.HRD.DES.MCL.MCL",
			"source": "Monthly Statistics at a glance",
			"organisation": "Ministry of Coal",
			"URI": "https://coal.nic.in/en/public-information/monthly-statistics-at-glance",
			"geography": "India",
			"units": "millions of tonnes",
			"type": "number",
			"title": "Coal despatch: MCL"
		},
		{
			"name": "COL.HRD.DES.NEC.MCL",
			"source": "Monthly Statistics at a glance",
			"organisation": "Ministry of Coal",
			"URI": "https://coal.nic.in/en/public-information/monthly-statistics-at-glance",
			"geography": "India",
			"units": "millions of tonnes",
			"type": "number",
			"title": "Coal despatch: NEC"
		},
		{
			"name": "COL.HRD.DES.CIL.MCL",
			"source": "Monthly Statistics at a glance",
			"organisation": "Ministry of Coal",
			"URI": "https://coal.nic.in/en/public-information/monthly-statistics-at-glance",
			"geography": "India",
			"units": "millions of tonnes",
			"type": "number",
			"title": "Coal despatch: CIL"
		},
		{
			"name": "COL.HRD.DES.SCCL.MCL",
			"source": "Monthly Statistics at a glance",
			"organisation": "Ministry of Coal",
			"URI": "https://coal.nic.in/en/public-information/monthly-statistics-at-glance",
			"geography": "India",
			"units": "millions of tonnes",
			"type": "number",
			"title": "Coal despatch: SCCL"
		},
		{
			"name": "COL.HRD.DES.CaptivesOthers.MCL",
			"source": "Monthly Statistics at a glance",
			"organisation": "Ministry of Coal",
			"URI": "https://coal.nic.in/en/public-information/monthly-statistics-at-glance",
			"geography": "India",
			"units": "millions of tonnes",
			"type": "number",
			"title": "Coal despatch: Captives/Others"
		},
		{
			"name": "COL.HRD.DES.GrandTotal.MCL",
			"source": "Monthly Statistics at a glance",
			"organisation": "Ministry of Coal",
			"URI": "https://coal.nic.in/en/public-information/monthly-statistics-at-glance",
			"geography": "India",
			"units": "millions of tonnes",
			"type": "number",
			"title": "Coal despatch: Grand Total"
		},
		{
			"name": "COL.LIG.PRD.NLCIL.MCL",
			"source": "Monthly Statistics at a glance",
			"organisation": "Ministry of Coal",
			"URI": "https://coal.nic.in/en/public-information/monthly-statistics-at-glance",
			"geography": "India",
			"units": "millions of tonnes",
			"type": "number",
			"title": "Lignite production: NLCIL"
		},
		{
			"name": "COL.LIG.PRD.GMDCL.MCL",
			"source": "Monthly Statistics at a glance",
			"organisation": "Ministry of Coal",
			"URI": "https://coal.nic.in/en/public-information/monthly-statistics-at-glance",
			"geography": "India",
			"units": "millions of tonnes",
			"type": "number",
			"title": "Lignite production: GMDCL"
		},
		{
			"name": "COL.LIG.PRD.GIPCL.MCL",
			"source": "Monthly Statistics at a glance",
			"organisation": "Ministry of Coal",
			"URI": "https://coal.nic.in/en/public-information/monthly-statistics-at-glance",
			"geography": "India",
			"units": "millions of tonnes",
			"type": "number",
			"title": "Lignite production: GIPCL"
		},
		{
			"name": "COL.LIG.PRD.RSMML.MCL",
			"source": "Monthly Statistics at a glance",
			"organisation": "Ministry of Coal",
			"URI": "https://coal.nic.in/en/public-information/monthly-statistics-at-glance",
			"geography": "India",
			"units": "millions of tonnes",
			"type": "number",
			"title": "Lignite production: RSMML"
		},
		{
			"name": "COL.LIG.PRD.BLMCL.MCL",
			"source": "Monthly Statistics at a glance",
			"organisation": "Ministry of Coal",
			"URI": "https://coal.nic.in/en/public-information/monthly-statistics-at-glance",
			"geography": "India",
			"units": "millions of tonnes",
			"type": "number",
			"title": "Lignite production: BLMCL"
		},
		{
			"name": "COL.LIG.PRD.GHCL.MCL",
			"source": "Monthly Statistics at a glance",
			"organisation": "Ministry of Coal",
			"URI": "https://coal.nic.in/en/public-information/monthly-statistics-at-glance",
			"geography": "India",
			"units": "millions of tonnes",
			"type": "number",
			"title": "Lignite production: GHCL"
		},
		{
			"name": "COL.LIG.PRD.VSLignite.MCL",
			"source": "Monthly Statistics at a glance",
			"organisation": "Ministry of Coal",
			"URI": "https://coal.nic.in/en/public-information/monthly-statistics-at-glance",
			"geography": "India",
			"units": "millions of tonnes",
			"type": "number",
			"title": "Lignite production: VS Lignite"
		},
		{
			"name": "COL.LIG.PRD.GSPL.MCL",
			"source": "Monthly Statistics at a glance",
			"organisation": "Ministry of Coal",
			"URI": "https://coal.nic.in/en/public-information/monthly-statistics-at-glance",
			"geography": "India",
			"units": "millions of tonnes",
			"type": "number",
			"title": "Lignite production: GSPL"
		},
		{
			"name": "COL.LIG.PRD.GrandTotal.MCL",
			"source": "Monthly Statistics at a glance",
			"organisation": "Ministry of Coal",
			"URI": "https://coal.nic.in/en/public-information/monthly-statistics-at-glance",
			"geography": "India",
			"units": "millions of tonnes",
			"type": "number",
			"title": "Lignite production: Grand Total"
		},
		{
			"name": "COL.LIG.DES.NLCIL.MCL",
			"source": "Monthly Statistics at a glance",
			"organisation": "Ministry of Coal",
			"URI": "https://coal.nic.in/en/public-information/monthly-statistics-at-glance",
			"geography": "India",
			"units": "millions of tonnes",
			"type": "number",
			"title": "Lignite despatch: NLCIL"
		},
		{
			"name": "COL.LIG.DES.GMDCL.MCL",
			"source": "Monthly Statistics at a glance",
			"organisation": "Ministry of Coal",
			"URI": "https://coal.nic.in/en/public-information/monthly-statistics-at-glance",
			"geography": "India",
			"units": "millions of tonnes",
			"type": "number",
			"title": "Lignite despatch: GMDCL"
		},
		{
			"name": "COL.LIG.DES.GIPCL.MCL",
			"source": "Monthly Statistics at a glance",
			"organisation": "Ministry of Coal",
			"URI": "https://coal.nic.in/en/public-information/monthly-statistics-at-glance",
			"geography": "India",
			"units": "millions of tonnes",
			"type": "number",
			"title": "Lignite despatch: GIPCL"
		},
		{
			"name": "COL.LIG.DES.RSMML.MCL",
			"source": "Monthly Statistics at a glance",
			"organisation": "Ministry of Coal",
			"URI": "https://coal.nic.in/en/public-information/monthly-statistics-at-glance",
			"geography": "India",
			"units": "millions of tonnes",
			"type": "number",
			"title": "Lignite despatch: RSMML"
		},
		{
			"name": "COL.LIG.DES.BLMCL.MCL",
			"source": "Monthly Statistics at a glance",
			"organisation": "Ministry of Coal",
			"URI": "https://coal.nic.in/en/public-information/monthly-statistics-at-glance",
			"geography": "India",
			"units": "millions of tonnes",
			"type": "number",
			"title": "Lignite despatch: BLMCL"
		},
		{
			"name": "COL.LIG.DES.GHCL.MCL",
			"source": "Monthly Statistics at a glance",
			"organisation": "Ministry of Coal",
			"URI": "https://coal.nic.in/en/public-information/monthly-statistics-at-glance",
			"geography": "India",
			"units": "millions of tonnes",
			"type": "number",
			"title": "Lignite despatch: GHCL"
		},
		{
			"name": "COL.LIG.DES.VSLignite.MCL",
			"source": "Monthly Statistics at a glance",
			"organisation": "Ministry of Coal",
			"URI": "https://coal.nic.in/en/public-information/monthly-statistics-at-glance",
			"geography": "India",
			"units": "millions of tonnes",
			"type": "number",
			"title": "Lignite despatch: VS Lignite"
		},
		{
			"name": "COL.LIG.DES.GSPL.MCL",
			"source": "Monthly Statistics at a glance",
			"organisation": "Ministry of Coal",
			"URI": "https://coal.nic.in/en/public-information/monthly-statistics-at-glance",
			"geography": "India",
			"units": "millions of tonnes",
			"type": "number",
			"title": "Lignite despatch: GSPL"
		},
		{
			"name": "COL.LIG.DES.GrandTotal.MCL",
			"source": "Monthly Statistics at a glance",
			"organisation": "Ministry of Coal",
			"URI": "https://coal.nic.in/en/public-information/monthly-statistics-at-glance",
			"geography": "India",
			"units": "millions of tonnes",
			"type": "number",
			"title": "Lignite despatch: Grand Total"
		},
		{
			"name": "COL.HRD.PRD.UNS",
			"title": "Hard coal production",
			"type": "number",
			"organisation": "United Nations",
			"source": "Monthly Bulletin of Statistics Online",
			"URI": "https://unstats.un.org/unsd/mbs/app/DataSearchTable.aspx",
			"geography": "India",
			"units": "millions of tonnes"
		},
		{
			"name": "COL.LIG.PRD.UNS",
			"title": "Lignite production",
			"type": "number",
			"organisation": "United Nations",
			"source": "Monthly Bulletin of Statistics Online",
			"URI": "https://unstats.un.org/unsd/mbs/app/DataSearchTable.aspx",
			"geography": "India",
			"units": "millions of tonnes"
		},
		{
			"name": "COL.HRD.PRD.CAP.CAB",
			"title": "Provisional captive coal production",
			"type": "number",
			"organisation": "Ministry of Coal",
			"source": "Monthly Summary to Cabinet",
			"URI": "https://coal.nic.in/content/monthly-summary-cabinet",
			"geography": "India",
			"units": "millions of tonnes"
		},
		{
			"name": "COL.HRD.PRD.CIL.MCL.YTD",
			"organisation": "Ministry of Coal",
			"URI": "http://coal.nic.in/major-statistics/production-and-supplies",
			"units": "millions of tonnes",
			"type": "number",
			"geography": "India",
			"source": "Production And Supplies",
			"title": "Hard coal production: CIL mines"
		},
		{
			"name": "COL.HRD.PRD.SCCL.MCL.YTD",
			"organisation": "Ministry of Coal",
			"URI": "http://coal.nic.in/major-statistics/production-and-supplies",
			"units": "millions of tonnes",
			"type": "number",
			"geography": "India",
			"source": "Production And Supplies",
			"title": "Hard coal production: SCCL mines"
		},
		{
			"name": "COL.HRD.PRD.CAP.MCL.YTD",
			"organisation": "Ministry of Coal",
			"URI": "http://coal.nic.in/major-statistics/production-and-supplies",
			"units": "millions of tonnes",
			"type": "number",
			"geography": "India",
			"source": "Production And Supplies",
			"title": "Hard coal production: Captive mines"
		},
		{
			"name": "COL.HRD.PRD.OTH.MCL.YTD",
			"organisation": "Ministry of Coal",
			"URI": "http://coal.nic.in/major-statistics/production-and-supplies",
			"units": "millions of tonnes",
			"type": "number",
			"geography": "India",
			"source": "Production And Supplies",
			"title": "Hard coal production: Others mines"
		},
		{
			"name": "COL.HRD.PRD.TOT.MCL.YTD",
			"organisation": "Ministry of Coal",
			"URI": "http://coal.nic.in/major-statistics/production-and-supplies",
			"units": "millions of tonnes",
			"type": "number",
			"geography": "India",
			"source": "Production And Supplies",
			"title": "Hard coal production: Total mines"
		},
		{
			"name": "COL.HRD.DES.CIL.MCL.YTD",
			"organisation": "Ministry of Coal",
			"URI": "http://coal.nic.in/major-statistics/production-and-supplies",
			"units": "millions of tonnes",
			"type": "number",
			"geography": "India",
			"source": "Production And Supplies",
			"title": "Hard coal despatch: CIL mines"
		},
		{
			"name": "COL.HRD.DES.SCCL.MCL.YTD",
			"organisation": "Ministry of Coal",
			"URI": "http://coal.nic.in/major-statistics/production-and-supplies",
			"units": "millions of tonnes",
			"type": "number",
			"geography": "India",
			"source": "Production And Supplies",
			"title": "Hard coal despatch: SCCL mines"
		},
		{
			"name": "COL.HRD.DES.CAP.MCL.YTD",
			"organisation": "Ministry of Coal",
			"URI": "http://coal.nic.in/major-statistics/production-and-supplies",
			"units": "millions of tonnes",
			"type": "number",
			"geography": "India",
			"source": "Production And Supplies",
			"title": "Hard coal despatch: Captive mines"
		},
		{
			"name": "COL.HRD.DES.OTH.MCL.YTD",
			"organisation": "Ministry of Coal",
			"URI": "http://coal.nic.in/major-statistics/production-and-supplies",
			"units": "millions of tonnes",
			"type": "number",
			"geography": "India",
			"source": "Production And Supplies",
			"title": "Hard coal despatch: Others mines"
		},
		{
			"name": "COL.HRD.DES.TOT.MCL.YTD",
			"organisation": "Ministry of Coal",
			"URI": "http://coal.nic.in/major-statistics/production-and-supplies",
			"units": "millions of tonnes",
			"type": "number",
			"geography": "India",
			"source": "Production And Supplies",
			"title": "Hard coal despatch: Total mines"
		},
		{
			"name": "COL.HRD.CON.PWR.ALL",
			"URI": "https://cea.nic.in/fuel-reports/?lang=en",
			"source": "Monthly Coal Statement of Thermal Power Stations",
			"organisation": "Central Electricity Authority",
			"geography": "India",
			"units": "millions of tonnes",
			"type": "number",
			"title": "Coal consumption at all utility power stations"
		},
		{
			"name": "COL.HRD.IMP.PWR.ALL",
			"title": "Receipt of imported coal at all utility power stations",
			"type": "number",
			"organisation": "Central Electricity Authority",
			"source": "Monthly Coal Statement of Thermal Power Stations",
			"URI": "https://cea.nic.in/fuel-reports/?lang=en",
			"geography": "India",
			"units": "millions of tonnes"
		},
		{
			"name": "COL.HRD.STC.PWR.LNK",
			"title": "Coal stock changes at linkage power stations",
			"type": "number",
			"organisation": "Central Electricity Authority",
			"source": "Daily Coal Report",
			"URI": "https://npp.gov.in/dailyCoalReports",
			"geography": "India",
			"units": "millions of tonnes"
		},
		{
			"name": "COL.HRD.STC.PWR.ALL",
			"title": "Coal stock changes at all utility power stations",
			"type": "number",
			"organisation": "Central Electricity Authority",
			"source": "Coal Statement",
			"URI": "https://cea.nic.in/fuel-reports/?lang=en",
			"geography": "India",
			"units": "millions of tonnes"
		},
		{
			"name": "COL.HRD.PRD.PCS",
			"source": "Provisional Coal Statistics",
			"URI": "http://www.coalcontroller.gov.in/pages/display/20-provisional-coal-statistics",
			"units": "millions of tonnes",
			"type": "number",
			"organisation": "Coal Controller's Organization",
			"geography": "India",
			"title": "Provisional hard coal production"
		},
		{
			"name": "COL.HRD.DES.PCS",
			"source": "Provisional Coal Statistics",
			"URI": "http://www.coalcontroller.gov.in/pages/display/20-provisional-coal-statistics",
			"units": "millions of tonnes",
			"type": "number",
			"organisation": "Coal Controller's Organization",
			"geography": "India",
			"title": "Provisional hard coal despatch"
		},
		{
			"name": "COL.LIG.PRD.PCS",
			"source": "Provisional Coal Statistics",
			"URI": "http://www.coalcontroller.gov.in/pages/display/20-provisional-coal-statistics",
			"units": "millions of tonnes",
			"type": "number",
			"organisation": "Coal Controller's Organization",
			"geography": "India",
			"title": "Provisional lignite production"
		},
		{
			"name": "COL.LIG.DES.PCS",
			"source": "Provisional Coal Statistics",
			"URI": "http://www.coalcontroller.gov.in/pages/display/20-provisional-coal-statistics",
			"units": "millions of tonnes",
			"type": "number",
			"organisation": "Coal Controller's Organization",
			"geography": "India",
			"title": "Provisional lignite despatch"
		},
		{
			"name": "COL.COK.IMP.PCS",
			"source": "Provisional Coal Statistics",
			"URI": "http://www.coalcontroller.gov.in/pages/display/20-provisional-coal-statistics",
			"units": "millions of tonnes",
			"type": "number",
			"organisation": "Coal Controller's Organization",
			"geography": "India",
			"title": "Provisional coking coal import"
		},
		{
			"name": "COL.STM.IMP.PCS",
			"source": "Provisional Coal Statistics",
			"URI": "http://www.coalcontroller.gov.in/pages/display/20-provisional-coal-statistics",
			"units": "millions of tonnes",
			"type": "number",
			"organisation": "Coal Controller's Organization",
			"geography": "India",
			"title": "Provisional non-coking coal import"
		},
		{
			"name": "COL.TOT.IMP.PCS",
			"source": "Provisional Coal Statistics",
			"URI": "http://www.coalcontroller.gov.in/pages/display/20-provisional-coal-statistics",
			"units": "millions of tonnes",
			"type": "number",
			"organisation": "Coal Controller's Organization",
			"geography": "India",
			"title": "Provisional coal import"
		},
		{
			"name": "COL.CKE.IMP.PCS",
			"source": "Provisional Coal Statistics",
			"URI": "http://www.coalcontroller.gov.in/pages/display/20-provisional-coal-statistics",
			"units": "millions of tonnes",
			"type": "number",
			"organisation": "Coal Controller's Organization",
			"geography": "India",
			"title": "Provisional coke import"
		},
		{
			"name": "COL.COK.EXP.PCS",
			"source": "Provisional Coal Statistics",
			"URI": "http://www.coalcontroller.gov.in/pages/display/20-provisional-coal-statistics",
			"units": "millions of tonnes",
			"type": "number",
			"organisation": "Coal Controller's Organization",
			"geography": "India",
			"title": "Provisional coking coal export"
		},
		{
			"name": "COL.STM.EXP.PCS",
			"source": "Provisional Coal Statistics",
			"URI": "http://www.coalcontroller.gov.in/pages/display/20-provisional-coal-statistics",
			"units": "millions of tonnes",
			"type": "number",
			"organisation": "Coal Controller's Organization",
			"geography": "India",
			"title": "Provisional non-coking coal export"
		},
		{
			"name": "COL.TOT.EXP.PCS",
			"source": "Provisional Coal Statistics",
			"URI": "http://www.coalcontroller.gov.in/pages/display/20-provisional-coal-statistics",
			"units": "millions of tonnes",
			"type": "number",
			"organisation": "Coal Controller's Organization",
			"geography": "India",
			"title": "Provisional coal export"
		},
		{
			"name": "COL.CKE.EXP.PCS",
			"source": "Provisional Coal Statistics",
			"URI": "http://www.coalcontroller.gov.in/pages/display/20-provisional-coal-statistics",
			"units": "millions of tonnes",
			"type": "number",
			"organisation": "Coal Controller's Organization",
			"geography": "India",
			"title": "Provisional coke export"
		},
		{
			"name": "COL.RAW.STK.PCS",
			"source": "Provisional Coal Statistics",
			"URI": "http://www.coalcontroller.gov.in/pages/display/20-provisional-coal-statistics",
			"units": "millions of tonnes",
			"type": "number",
			"organisation": "Coal Controller's Organization",
			"geography": "India",
			"title": "Provisional raw coal mine stocks"
		},
		{
			"name": "COL.LIG.STK.PCS",
			"source": "Provisional Coal Statistics",
			"URI": "http://www.coalcontroller.gov.in/pages/display/20-provisional-coal-statistics",
			"units": "millions of tonnes",
			"type": "number",
			"organisation": "Coal Controller's Organization",
			"geography": "India",
			"title": "Provisional lignite mine stocks"
		},
		{
			"name": "COL.WCK.STK.PCS",
			"source": "Provisional Coal Statistics",
			"URI": "http://www.coalcontroller.gov.in/pages/display/20-provisional-coal-statistics",
			"units": "millions of tonnes",
			"type": "number",
			"organisation": "Coal Controller's Organization",
			"geography": "India",
			"title": "Provisional washed coking coal mine stocks"
		},
		{
			"name": "COL.WST.STK.PCS",
			"source": "Provisional Coal Statistics",
			"URI": "http://www.coalcontroller.gov.in/pages/display/20-provisional-coal-statistics",
			"units": "millions of tonnes",
			"type": "number",
			"organisation": "Coal Controller's Organization",
			"geography": "India",
			"title": "Provisional washed non-coking coal mine stocks"
		},
		{
			"name": "COL.CMI.STK.PCS",
			"source": "Provisional Coal Statistics",
			"URI": "http://www.coalcontroller.gov.in/pages/display/20-provisional-coal-statistics",
			"units": "millions of tonnes",
			"type": "number",
			"organisation": "Coal Controller's Organization",
			"geography": "India",
			"title": "Provisional coking middlings mine stocks"
		},
		{
			"name": "COL.NCM.STK.PCS",
			"source": "Provisional Coal Statistics",
			"URI": "http://www.coalcontroller.gov.in/pages/display/20-provisional-coal-statistics",
			"units": "millions of tonnes",
			"type": "number",
			"organisation": "Coal Controller's Organization",
			"geography": "India",
			"title": "Provisional non-coking middlings mine stocks"
		},
		{
			"name": "COL.CKE.STK.PCS",
			"source": "Provisional Coal Statistics",
			"URI": "http://www.coalcontroller.gov.in/pages/display/20-provisional-coal-statistics",
			"units": "millions of tonnes",
			"type": "number",
			"organisation": "Coal Controller's Organization",
			"geography": "India",
			"title": "Provisional hard coke mine stocks"
		},
		{
			"name": "COL.RCC.STK.PCS",
			"source": "Provisional Coal Statistics",
			"URI": "http://www.coalcontroller.gov.in/pages/display/20-provisional-coal-statistics",
			"units": "millions of tonnes",
			"type": "number",
			"organisation": "Coal Controller's Organization",
			"geography": "India",
			"title": "Provisional raw coking coal mine stocks"
		},
		{
			"name": "COL.RNC.STK.PCS",
			"source": "Provisional Coal Statistics",
			"URI": "http://www.coalcontroller.gov.in/pages/display/20-provisional-coal-statistics",
			"units": "millions of tonnes",
			"type": "number",
			"organisation": "Coal Controller's Organization",
			"geography": "India",
			"title": "Provisional raw non-coking coal mine stocks"
		},
		{
			"name": "COL.HRD.PRD.CDR",
			"source": "Coal Directory",
			"URI": "http://www.coalcontroller.gov.in/pages/display/16-coal-directory",
			"units": "millions of tonnes",
			"type": "number",
			"organisation": "Coal Controller's Organization",
			"geography": "India",
			"title": "Revised hard coal production"
		},
		{
			"name": "COL.HRD.DES.CDR",
			"source": "Coal Directory",
			"URI": "http://www.coalcontroller.gov.in/pages/display/16-coal-directory",
			"units": "millions of tonnes",
			"type": "number",
			"organisation": "Coal Controller's Organization",
			"geography": "India",
			"title": "Revised hard coal despatch"
		},
		{
			"name": "COL.COK.PRD.CDR",
			"source": "Coal Directory",
			"URI": "http://www.coalcontroller.gov.in/pages/display/16-coal-directory",
			"units": "millions of tonnes",
			"type": "number",
			"organisation": "Coal Controller's Organization",
			"geography": "India",
			"title": "Revised coking coal production"
		},
		{
			"name": "COL.COK.DES.CDR",
			"source": "Coal Directory",
			"URI": "http://www.coalcontroller.gov.in/pages/display/16-coal-directory",
			"units": "millions of tonnes",
			"type": "number",
			"organisation": "Coal Controller's Organization",
			"geography": "India",
			"title": "Revised coking coal despatch"
		},
		{
			"name": "COL.STM.PRD.CDR",
			"source": "Coal Directory",
			"URI": "http://www.coalcontroller.gov.in/pages/display/16-coal-directory",
			"units": "millions of tonnes",
			"type": "number",
			"organisation": "Coal Controller's Organization",
			"geography": "India",
			"title": "Revised non-coking coal production"
		},
		{
			"name": "COL.STM.DES.CDR",
			"source": "Coal Directory",
			"URI": "http://www.coalcontroller.gov.in/pages/display/16-coal-directory",
			"units": "millions of tonnes",
			"type": "number",
			"organisation": "Coal Controller's Organization",
			"geography": "India",
			"title": "Revised non-coking coal despatch"
		},
		{
			"name": "COL.LIG.PRD.CDR",
			"source": "Coal Directory",
			"URI": "http://www.coalcontroller.gov.in/pages/display/16-coal-directory",
			"units": "millions of tonnes",
			"type": "number",
			"organisation": "Coal Controller's Organization",
			"geography": "India",
			"title": "Revised lignite production"
		},
		{
			"name": "COL.LIG.DES.CDR",
			"source": "Coal Directory",
			"URI": "http://www.coalcontroller.gov.in/pages/display/16-coal-directory",
			"units": "millions of tonnes",
			"type": "number",
			"organisation": "Coal Controller's Organization",
			"geography": "India",
			"title": "Revised lignite despatch"
		},
		{
			"name": "COL.HRD.STK.CDR",
			"source": "Coal Directory",
			"URI": "http://www.coalcontroller.gov.in/pages/display/16-coal-directory",
			"units": "millions of tonnes",
			"type": "number",
			"organisation": "Coal Controller's Organization",
			"geography": "India",
			"title": "Pit-head stocks of hard coal"
		},
		{
			"name": "COL.LIG.STK.CDR",
			"source": "Coal Directory",
			"URI": "http://www.coalcontroller.gov.in/pages/display/16-coal-directory",
			"units": "millions of tonnes",
			"type": "number",
			"organisation": "Coal Controller's Organization",
			"geography": "India",
			"title": "Pit-head stocks of lignite"
		},
		{
			"name": "DUE.CIL",
			"title": "Oustanding dues payable to Coal India",
			"source": "Cabinet summary",
			"organisation": "Ministry of Coal",
			"URI": "https://coal.nic.in/public-information/monthly-summary-cabinets",
			"units": "crore rupees",
			"type": "number",
			"geography": "India"
		},
		{
			"name": "DUE.GEN",
			"title": "Oustanding dues payable to Generating companies",
			"source": "PRAAPTI",
			"organisation": "Ministry of Power",
			"URI": "http://www.praapti.in/",
			"units": "crore rupees",
			"type": "number",
			"geography": "India"
		},
		{
			"name": "DUE.CPSU",
			"title": "Oustanding dues payable to Central Public Sector Undertakings",
			"source": "CEA",
			"organisation": "Central Electricity Authority",
			"URI": "https://cea.nic.in/outstanding-dues-reports/?lang=en",
			"units": "crore rupees",
			"type": "number",
			"geography": "India"
		},
		{
			"name": "CEM.PRD.OEA",
			"title": "Cement production",
			"type": "number",
			"organisation": "Office of the Economic Advisor",
			"source": "Eight Core Industries",
			"URI": "https://eaindustry.nic.in/",
			"geography": "India",
			"units": "thousands of tonnes"
		},
		{
			"name": "ELY.GEN.POS.TOT.NR",
			"organisation": "Power System Operation Corporation Limited",
			"source": "Aggregated from Daily Power Supply Position Report",
			"URI": "https://posoco.in/reports/daily-reports/",
			"type": "number",
			"title": "Total utility-scale electricity generation: Northern Region",
			"geography": "Northern Region",
			"units": "GWh"
		},
		{
			"name": "ELY.GEN.POS.TOT.WR",
			"organisation": "Power System Operation Corporation Limited",
			"source": "Aggregated from Daily Power Supply Position Report",
			"URI": "https://posoco.in/reports/daily-reports/",
			"type": "number",
			"title": "Total utility-scale electricity generation: Western Region",
			"geography": "Western Region",
			"units": "GWh"
		},
		{
			"name": "ELY.GEN.POS.TOT.SR",
			"organisation": "Power System Operation Corporation Limited",
			"source": "Aggregated from Daily Power Supply Position Report",
			"URI": "https://posoco.in/reports/daily-reports/",
			"type": "number",
			"title": "Total utility-scale electricity generation: Southern Region",
			"geography": "Southern Region",
			"units": "GWh"
		},
		{
			"name": "ELY.GEN.POS.TOT.ER",
			"organisation": "Power System Operation Corporation Limited",
			"source": "Aggregated from Daily Power Supply Position Report",
			"URI": "https://posoco.in/reports/daily-reports/",
			"type": "number",
			"title": "Total utility-scale electricity generation: Eastern Region",
			"geography": "Eastern Region",
			"units": "GWh"
		},
		{
			"name": "ELY.GEN.POS.TOT.NER",
			"organisation": "Power System Operation Corporation Limited",
			"source": "Aggregated from Daily Power Supply Position Report",
			"URI": "https://posoco.in/reports/daily-reports/",
			"type": "number",
			"title": "Total utility-scale electricity generation: Northeastern Region",
			"geography": "Northeastern Region",
			"units": "GWh"
		},
		{
			"name": "ELY.GEN.POS.TOT.India",
			"organisation": "Power System Operation Corporation Limited",
			"source": "Aggregated from Daily Power Supply Position Report",
			"URI": "https://posoco.in/reports/daily-reports/",
			"type": "number",
			"title": "Total utility-scale electricity generation: India",
			"geography": "India",
			"units": "GWh"
		},
		{
			"name": "ELY.DEM.POS.TOT.NR",
			"organisation": "Power System Operation Corporation Limited",
			"source": "Aggregated from Daily Power Supply Position Report",
			"URI": "https://posoco.in/reports/daily-reports/",
			"type": "number",
			"title": "Total electricity demand: Northern Region",
			"geography": "Northern Region",
			"units": "GWh"
		},
		{
			"name": "ELY.DEM.POS.TOT.WR",
			"organisation": "Power System Operation Corporation Limited",
			"source": "Aggregated from Daily Power Supply Position Report",
			"URI": "https://posoco.in/reports/daily-reports/",
			"type": "number",
			"title": "Total electricity demand: Western Region",
			"geography": "Western Region",
			"units": "GWh"
		},
		{
			"name": "ELY.DEM.POS.TOT.SR",
			"organisation": "Power System Operation Corporation Limited",
			"source": "Aggregated from Daily Power Supply Position Report",
			"URI": "https://posoco.in/reports/daily-reports/",
			"type": "number",
			"title": "Total electricity demand: Southern Region",
			"geography": "Southern Region",
			"units": "GWh"
		},
		{
			"name": "ELY.DEM.POS.TOT.ER",
			"organisation": "Power System Operation Corporation Limited",
			"source": "Aggregated from Daily Power Supply Position Report",
			"URI": "https://posoco.in/reports/daily-reports/",
			"type": "number",
			"title": "Total electricity demand: Eastern Region",
			"geography": "Eastern Region",
			"units": "GWh"
		},
		{
			"name": "ELY.DEM.POS.TOT.NER",
			"organisation": "Power System Operation Corporation Limited",
			"source": "Aggregated from Daily Power Supply Position Report",
			"URI": "https://posoco.in/reports/daily-reports/",
			"type": "number",
			"title": "Total electricity demand: Northeastern Region",
			"geography": "Northeastern Region",
			"units": "GWh"
		},
		{
			"name": "ELY.DEM.POS.TOT.India",
			"organisation": "Power System Operation Corporation Limited",
			"source": "Aggregated from Daily Power Supply Position Report",
			"URI": "https://posoco.in/reports/daily-reports/",
			"type": "number",
			"title": "Total electricity demand: India",
			"geography": "India",
			"units": "GWh"
		},
		{
			"name": "ELY.GEN.POS.THM",
			"organisation": "Power System Operation Corporation Limited",
			"source": "Aggregated from Daily Power Supply Position Report",
			"URI": "https://posoco.in/reports/daily-reports/",
			"type": "number",
			"title": "Electricity generation: Thermal",
			"geography": "India",
			"units": "GWh"
		},
		{
			"name": "ELY.GEN.POS.COL",
			"organisation": "Power System Operation Corporation Limited",
			"source": "Aggregated from Daily Power Supply Position Report",
			"URI": "https://posoco.in/reports/daily-reports/",
			"type": "number",
			"title": "Electricity generation: Coal",
			"geography": "India",
			"units": "GWh"
		},
		{
			"name": "ELY.GEN.POS.LIG",
			"organisation": "Power System Operation Corporation Limited",
			"source": "Aggregated from Daily Power Supply Position Report",
			"URI": "https://posoco.in/reports/daily-reports/",
			"type": "number",
			"title": "Electricity generation: Lignite",
			"geography": "India",
			"units": "GWh"
		},
		{
			"name": "ELY.GEN.POS.NUC",
			"organisation": "Power System Operation Corporation Limited",
			"source": "Aggregated from Daily Power Supply Position Report",
			"URI": "https://posoco.in/reports/daily-reports/",
			"type": "number",
			"title": "Electricity generation: Nuclear",
			"geography": "India",
			"units": "GWh"
		},
		{
			"name": "ELY.GEN.POS.GAS",
			"organisation": "Power System Operation Corporation Limited",
			"source": "Aggregated from Daily Power Supply Position Report",
			"URI": "https://posoco.in/reports/daily-reports/",
			"type": "number",
			"title": "Electricity generation: Gas",
			"geography": "India",
			"units": "GWh"
		},
		{
			"name": "ELY.GEN.POS.RES",
			"organisation": "Power System Operation Corporation Limited",
			"source": "Aggregated from Daily Power Supply Position Report",
			"URI": "https://posoco.in/reports/daily-reports/",
			"type": "number",
			"title": "Electricity generation: Variable renewables",
			"geography": "India",
			"units": "GWh"
		},
		{
			"name": "ELY.GEN.POS.HYD",
			"organisation": "Power System Operation Corporation Limited",
			"source": "Aggregated from Daily Power Supply Position Report",
			"URI": "https://posoco.in/reports/daily-reports/",
			"type": "number",
			"title": "Electricity generation: Hydro",
			"geography": "India",
			"units": "GWh"
		},
		{
			"name": "ELY.GEN.POS.SOL",
			"organisation": "Power System Operation Corporation Limited",
			"source": "Aggregated from Daily Power Supply Position Report",
			"URI": "https://posoco.in/reports/daily-reports/",
			"type": "number",
			"title": "Electricity generation: Solar",
			"geography": "India",
			"units": "GWh"
		},
		{
			"name": "ELY.GEN.POS.WND",
			"organisation": "Power System Operation Corporation Limited",
			"source": "Aggregated from Daily Power Supply Position Report",
			"URI": "https://posoco.in/reports/daily-reports/",
			"type": "number",
			"title": "Electricity generation: Wind",
			"geography": "India",
			"units": "GWh"
		},
		{
			"name": "ELY.GEN.POS.DEM",
			"organisation": "Power System Operation Corporation Limited",
			"source": "Aggregated from Daily Power Supply Position Report",
			"URI": "https://posoco.in/reports/daily-reports/",
			"type": "number",
			"title": "Electricity generation: Energy Met (demand)",
			"geography": "India",
			"units": "GWh"
		},
		{
			"name": "ELY.GEN.CEA.THM",
			"organisation": "Central Electricity Authority",
			"source": "General Overview Report OPM01",
			"URI": "https://cea.nic.in/opm-report/?lang=en",
			"geography": "India",
			"type": "number",
			"title": "Electricity generation: thermal (includes natural gas)",
			"units": "GWh"
		},
		{
			"name": "ELY.GEN.CEA.NUC",
			"organisation": "Central Electricity Authority",
			"source": "General Overview Report OPM01",
			"URI": "https://cea.nic.in/opm-report/?lang=en",
			"geography": "India",
			"type": "number",
			"title": "Electricity generation: nuclear",
			"units": "GWh"
		},
		{
			"name": "ELY.GEN.CEA.HYD",
			"organisation": "Central Electricity Authority",
			"source": "General Overview Report OPM01",
			"URI": "https://cea.nic.in/opm-report/?lang=en",
			"geography": "India",
			"type": "number",
			"title": "Electricity generation: hydro",
			"units": "GWh"
		},
		{
			"name": "ELY.GEN.CEA.BHU",
			"organisation": "Central Electricity Authority",
			"source": "General Overview Report OPM01",
			"URI": "https://cea.nic.in/opm-report/?lang=en",
			"geography": "India",
			"type": "number",
			"title": "Electricity generation: Bhutan (imports)",
			"units": "GWh"
		},
		{
			"name": "ELY.PLF.CEA.THM",
			"organisation": "Central Electricity Authority",
			"source": "General Overview Report OPM01",
			"URI": "https://cea.nic.in/opm-report/?lang=en",
			"geography": "India",
			"type": "number",
			"title": "Average plant load factor: thermal (includes natural gas)",
			"units": "none"
		},
		{
			"name": "ELY.PLF.CEA.NUC",
			"organisation": "Central Electricity Authority",
			"source": "General Overview Report OPM01",
			"URI": "https://cea.nic.in/opm-report/?lang=en",
			"geography": "India",
			"type": "number",
			"title": "Average plant load factor: nuclear",
			"units": "none"
		},
		{
			"name": "ELY.GEN.CEA.WND",
			"source": "Monthly Renewable Energy Generation Report",
			"units": "MWh",
			"organisation": "Central Electricity Authority",
			"URI": "https://cea.nic.in/renewable-generation-report/?lang=en",
			"geography": "India",
			"type": "number",
			"title": "Renewable electricity generation: Wind"
		},
		{
			"name": "ELY.GEN.CEA.SOL",
			"source": "Monthly Renewable Energy Generation Report",
			"units": "MWh",
			"organisation": "Central Electricity Authority",
			"URI": "https://cea.nic.in/renewable-generation-report/?lang=en",
			"geography": "India",
			"type": "number",
			"title": "Renewable electricity generation: Solar"
		},
		{
			"name": "ELY.GEN.CEA.BIO",
			"source": "Monthly Renewable Energy Generation Report",
			"units": "MWh",
			"organisation": "Central Electricity Authority",
			"URI": "https://cea.nic.in/renewable-generation-report/?lang=en",
			"geography": "India",
			"type": "number",
			"title": "Renewable electricity generation: Biomass"
		},
		{
			"name": "ELY.GEN.CEA.BAG",
			"source": "Monthly Renewable Energy Generation Report",
			"units": "MWh",
			"organisation": "Central Electricity Authority",
			"URI": "https://cea.nic.in/renewable-generation-report/?lang=en",
			"geography": "India",
			"type": "number",
			"title": "Renewable electricity generation: Bagasse"
		},
		{
			"name": "ELY.GEN.CEA.SHY",
			"source": "Monthly Renewable Energy Generation Report",
			"units": "MWh",
			"organisation": "Central Electricity Authority",
			"URI": "https://cea.nic.in/renewable-generation-report/?lang=en",
			"geography": "India",
			"type": "number",
			"title": "Renewable electricity generation: Small Hydro"
		},
		{
			"name": "ELY.GEN.CEA.OTH",
			"source": "Monthly Renewable Energy Generation Report",
			"units": "MWh",
			"organisation": "Central Electricity Authority",
			"URI": "https://cea.nic.in/renewable-generation-report/?lang=en",
			"geography": "India",
			"type": "number",
			"title": "Renewable electricity generation: Other"
		},
		{
			"name": "ELY.GEN.CEA.TOT",
			"organisation": "Central Electricity Authority",
			"type": "number",
			"source": "Combined from Performance Status All India - Regionwise OPM16 and Monthly Renewable Energy Generation Report",
			"geography": "India",
			"units": "MWh",
			"title": "Total electricity generation"
		},
		{
			"name": "ELY.CUF.HYD",
			"type": "number",
			"organisation": "CICERO",
			"source": "Derived from CEA data",
			"title": "Derived capacity utilisation factor: Hydro",
			"geography": "India",
			"units": "fraction"
		},
		{
			"name": "ELY.CUF.COL",
			"type": "number",
			"organisation": "CICERO",
			"source": "Derived from CEA data",
			"title": "Derived capacity utilisation factor: Coal/Lignite",
			"geography": "India",
			"units": "fraction"
		},
		{
			"name": "ELY.CUF.GAS",
			"type": "number",
			"organisation": "CICERO",
			"source": "Derived from CEA data",
			"title": "Derived capacity utilisation factor: Natural gas",
			"geography": "India",
			"units": "fraction"
		},
		{
			"name": "ELY.CUF.RES",
			"type": "number",
			"organisation": "CICERO",
			"source": "Derived from CEA data",
			"title": "Derived capacity utilisation factor: Renewables",
			"geography": "India",
			"units": "fraction"
		},
		{
			"name": "ELY.CUF.NUC",
			"type": "number",
			"organisation": "CICERO",
			"source": "Derived from CEA data",
			"title": "Derived capacity utilisation factor: Nuclear",
			"geography": "India",
			"units": "fraction"
		},
		{
			"name": "ELY.CUF.SHY",
			"type": "number",
			"organisation": "CICERO",
			"source": "Derived from CEA data",
			"title": "Derived capacity utilisation factor: Small Hydro",
			"geography": "India",
			"units": "fraction"
		},
		{
			"name": "ELY.CUF.SOL",
			"type": "number",
			"organisation": "CICERO",
			"source": "Derived from CEA data",
			"title": "Derived capacity utilisation factor: Solar",
			"geography": "India",
			"units": "fraction"
		},
		{
			"name": "ELY.CUF.WND",
			"type": "number",
			"organisation": "CICERO",
			"source": "Derived from CEA data",
			"title": "Derived capacity utilisation factor: Wind",
			"geography": "India",
			"units": "fraction"
		},
		{
			"name": "ELY.CUF.BIO",
			"type": "number",
			"organisation": "CICERO",
			"source": "Derived from CEA data",
			"title": "Derived capacity utilisation factor: Biomass",
			"geography": "India",
			"units": "fraction"
		},
		{
			"name": "IDY.PRD.OEA.COL.OLD",
			"organisation": "Office of the Economic Advisor",
			"URI": "https://eaindustry.nic.in/",
			"source": "Index of Eight Core Industries",
			"type": "number",
			"geography": "India",
			"title": "Production: Coal (2004-05 series)",
			"units": "Million Tonnes"
		},
		{
			"name": "IDY.PRD.OEA.CRU.OLD",
			"organisation": "Office of the Economic Advisor",
			"URI": "https://eaindustry.nic.in/",
			"source": "Index of Eight Core Industries",
			"type": "number",
			"geography": "India",
			"title": "Production: Crude Oil (2004-05 series)",
			"units": "Thousand Tonnes"
		},
		{
			"name": "IDY.PRD.OEA.GAS.OLD",
			"organisation": "Office of the Economic Advisor",
			"URI": "https://eaindustry.nic.in/",
			"source": "Index of Eight Core Industries",
			"type": "number",
			"geography": "India",
			"title": "Production: Natural Gas (2004-05 series)",
			"units": "Million cubic meters"
		},
		{
			"name": "IDY.PRD.OEA.PET.OLD",
			"organisation": "Office of the Economic Advisor",
			"URI": "https://eaindustry.nic.in/",
			"source": "Index of Eight Core Industries",
			"type": "number",
			"geography": "India",
			"title": "Production: Petroleum Refinery Products (2004-05 series)",
			"units": "Thousand Tonnes"
		},
		{
			"name": "IDY.PRD.OEA.FER.OLD",
			"organisation": "Office of the Economic Advisor",
			"URI": "https://eaindustry.nic.in/",
			"source": "Index of Eight Core Industries",
			"type": "number",
			"geography": "India",
			"title": "Production: Fertilizers (2004-05 series)",
			"units": "Thousand Tonnes"
		},
		{
			"name": "IDY.PRD.OEA.STL.OLD",
			"organisation": "Office of the Economic Advisor",
			"URI": "https://eaindustry.nic.in/",
			"source": "Index of Eight Core Industries",
			"type": "number",
			"geography": "India",
			"title": "Production: Steel (2004-05 series)",
			"units": "Thousand Tonnes"
		},
		{
			"name": "IDY.PRD.OEA.CEM.OLD",
			"organisation": "Office of the Economic Advisor",
			"URI": "https://eaindustry.nic.in/",
			"source": "Index of Eight Core Industries",
			"type": "number",
			"geography": "India",
			"title": "Production: Cement (2004-05 series)",
			"units": "Thousand Tonnes"
		},
		{
			"name": "IDY.PRD.OEA.ELY.OLD",
			"organisation": "Office of the Economic Advisor",
			"URI": "https://eaindustry.nic.in/",
			"source": "Index of Eight Core Industries",
			"type": "number",
			"geography": "India",
			"title": "Production: Electricity Generation (2004-05 series)",
			"units": "Million KWH"
		},
		{
			"name": "IDY.PRD.OEA.COL",
			"organisation": "Office of the Economic Advisor",
			"URI": "https://eaindustry.nic.in/",
			"source": "Index of Eight Core Industries",
			"type": "number",
			"geography": "India",
			"title": "Production: Coal",
			"units": "Million Tonnes"
		},
		{
			"name": "IDY.PRD.OEA.CRU",
			"organisation": "Office of the Economic Advisor",
			"URI": "https://eaindustry.nic.in/",
			"source": "Index of Eight Core Industries",
			"type": "number",
			"geography": "India",
			"title": "Production: Crude Oil",
			"units": "Thousand Tonnes"
		},
		{
			"name": "IDY.PRD.OEA.GAS",
			"organisation": "Office of the Economic Advisor",
			"URI": "https://eaindustry.nic.in/",
			"source": "Index of Eight Core Industries",
			"type": "number",
			"geography": "India",
			"title": "Production: Natural Gas",
			"units": "Million cubic meters"
		},
		{
			"name": "IDY.PRD.OEA.PET",
			"organisation": "Office of the Economic Advisor",
			"URI": "https://eaindustry.nic.in/",
			"source": "Index of Eight Core Industries",
			"type": "number",
			"geography": "India",
			"title": "Production: Petroleum Refinery Products",
			"units": "Thousand Tonnes"
		},
		{
			"name": "IDY.PRD.OEA.FER",
			"organisation": "Office of the Economic Advisor",
			"URI": "https://eaindustry.nic.in/",
			"source": "Index of Eight Core Industries",
			"type": "number",
			"geography": "India",
			"title": "Production: Fertilizers",
			"units": "Thousand Tonnes"
		},
		{
			"name": "IDY.PRD.OEA.STL",
			"organisation": "Office of the Economic Advisor",
			"URI": "https://eaindustry.nic.in/",
			"source": "Index of Eight Core Industries",
			"type": "number",
			"geography": "India",
			"title": "Production: Steel",
			"units": "Thousand Tonnes"
		},
		{
			"name": "IDY.PRD.OEA.CEM",
			"organisation": "Office of the Economic Advisor",
			"URI": "https://eaindustry.nic.in/",
			"source": "Index of Eight Core Industries",
			"type": "number",
			"geography": "India",
			"title": "Production: Cement",
			"units": "Thousand Tonnes"
		},
		{
			"name": "IDY.PRD.OEA.ELY",
			"organisation": "Office of the Economic Advisor",
			"URI": "https://eaindustry.nic.in/",
			"source": "Index of Eight Core Industries",
			"type": "number",
			"geography": "India",
			"title": "Production: Electricity Generation",
			"units": "Million kWh"
		},
		{
			"name": "ALU.PRD.Nalco.KTN",
			"title": "Aluminium production: Nalco",
			"organisation": "Ministry of Mines / Hindalco / Vedanta",
			"units": "thousands of tonnes",
			"type": "number",
			"geography": "India"
		},
		{
			"name": "ALU.PRD.Malco.KTN",
			"title": "Aluminium production: Malco",
			"organisation": "Ministry of Mines / Hindalco / Vedanta",
			"units": "thousands of tonnes",
			"type": "number",
			"geography": "India"
		},
		{
			"name": "ALU.PRD.Balco.KTN",
			"title": "Aluminium production: Balco",
			"organisation": "Ministry of Mines / Hindalco / Vedanta",
			"units": "thousands of tonnes",
			"type": "number",
			"geography": "India"
		},
		{
			"name": "ALU.PRD.Hindalco.KTN",
			"title": "Aluminium production: Hindalco",
			"organisation": "Ministry of Mines / Hindalco / Vedanta",
			"units": "thousands of tonnes",
			"type": "number",
			"geography": "India"
		},
		{
			"name": "ALU.PRD.Vedanta.KTN",
			"title": "Aluminium production: Vedanta",
			"organisation": "Ministry of Mines / Hindalco / Vedanta",
			"units": "thousands of tonnes",
			"type": "number",
			"geography": "India"
		},
		{
			"name": "ALU.PRD.Total.KTN",
			"title": "Aluminium production: Total",
			"organisation": "Ministry of Mines / Hindalco / Vedanta",
			"units": "thousands of tonnes",
			"type": "number",
			"geography": "India"
		}
	]
}