{
	"fields": [
		{
			"name": "Year",
			"title": "Year",
			"type": "number"
		},
		{
			"name": "Coal and lignite",
			"organisation": "National Bureau of Statistics"
		},
		{
			"name": "anthracite",
			"organisation": "National Bureau of Statistics"
		},
		{
			"name": "coking coal",
			"organisation": "National Bureau of Statistics"
		},
		{
			"name": "other bituminous coal",
			"organisation": "National Bureau of Statistics"
		},
		{
			"name": "lignite",
			"organisation": "National Bureau of Statistics"
		}
	]
}