{
	"fields": [
		{
			"name": "yyyymmdd",
			"title": "Date",
			"type": "number"
		},
		{
			"name": "CEA.DGR.COL",
			"title": "Generation: Coal",
			"organisation": "Central Electricity Authority",
			"source": "Daily Generation Report: Category wise, Fuel wise generation",
			"URI": "https://npp.gov.in/publishedReports",
			"geography": "India",
			"type": "number"
		},
		{
			"name": "CEA.DGR.LIG",
			"title": "Generation: Lignite",
			"organisation": "Central Electricity Authority",
			"source": "Daily Generation Report: Category wise, Fuel wise generation",
			"URI": "https://npp.gov.in/publishedReports",
			"geography": "India",
			"type": "number"
		},
		{
			"name": "CEA.DGR.GAS",
			"title": "Generation: Natural Gas",
			"organisation": "Central Electricity Authority",
			"source": "Daily Generation Report: Category wise, Fuel wise generation",
			"URI": "https://npp.gov.in/publishedReports",
			"geography": "India",
			"type": "number"
		},
		{
			"name": "CEA.DGR.DIE",
			"title": "Generation: Diesel",
			"organisation": "Central Electricity Authority",
			"source": "Daily Generation Report: Category wise, Fuel wise generation",
			"URI": "https://npp.gov.in/publishedReports",
			"geography": "India",
			"type": "number"
		},
		{
			"name": "CEA.DGR.HSO",
			"title": "Generation: High-Speed Diesel",
			"organisation": "Central Electricity Authority",
			"source": "Daily Generation Report: Category wise, Fuel wise generation",
			"URI": "https://npp.gov.in/publishedReports",
			"geography": "India",
			"type": "number"
		},
		{
			"name": "CEA.DGR.NAP",
			"title": "Generation: Naphtha",
			"organisation": "Central Electricity Authority",
			"source": "Daily Generation Report: Category wise, Fuel wise generation",
			"URI": "https://npp.gov.in/publishedReports",
			"geography": "India",
			"type": "number"
		},
		{
			"name": "CEA.DGR.MFU",
			"title": "Generation: Multi Fuel",
			"organisation": "Central Electricity Authority",
			"source": "Daily Generation Report: Category wise, Fuel wise generation",
			"URI": "https://npp.gov.in/publishedReports",
			"geography": "India",
			"type": "number"
		},
		{
			"name": "CEA.DGR.THM",
			"title": "Generation: Total (excl. RES) Thermal",
			"organisation": "Central Electricity Authority",
			"source": "Daily Generation Report: Category wise, Fuel wise generation",
			"URI": "https://npp.gov.in/publishedReports",
			"geography": "India",
			"type": "number"
		},
		{
			"name": "CEA.DGR.NUC",
			"title": "Generation: Nuclear",
			"organisation": "Central Electricity Authority",
			"source": "Daily Generation Report: Category wise, Fuel wise generation",
			"URI": "https://npp.gov.in/publishedReports",
			"geography": "India",
			"type": "number"
		},
		{
			"name": "CEA.DGR.HYD",
			"title": "Generation: Hydro",
			"organisation": "Central Electricity Authority",
			"source": "Daily Generation Report: Category wise, Fuel wise generation",
			"URI": "https://npp.gov.in/publishedReports",
			"geography": "India",
			"type": "number"
		},
		{
			"name": "CEA.DGR.BHU",
			"title": "Generation: Bhutan imp.",
			"organisation": "Central Electricity Authority",
			"source": "Daily Generation Report: Category wise, Fuel wise generation",
			"URI": "https://npp.gov.in/publishedReports",
			"geography": "India",
			"type": "number"
		},
		{
			"name": "CEA.DGR.TOT",
			"title": "Generation: Total (excl. RES)",
			"organisation": "Central Electricity Authority",
			"source": "Daily Generation Report: Category wise, Fuel wise generation",
			"URI": "https://npp.gov.in/publishedReports",
			"geography": "India",
			"type": "number"
		},
		{
			"name": "CEA.DGR.WND",
			"title": "Generation: Wind",
			"organisation": "Central Electricity Authority",
			"source": "Daily Renewable Generation Report",
			"URI": "https://cea.nic.in/daily-renewable-generation-report/?lang=en",
			"geography": "India",
			"type": "number"
		},
		{
			"name": "CEA.DGR.SOL",
			"title": "Generation: Solar",
			"organisation": "Central Electricity Authority",
			"source": "Daily Renewable Generation Report",
			"URI": "https://cea.nic.in/daily-renewable-generation-report/?lang=en",
			"geography": "India",
			"type": "number"
		},
		{
			"name": "CEA.DGR.OTH",
			"title": "Generation: Other",
			"organisation": "Central Electricity Authority",
			"source": "Daily Renewable Generation Report",
			"URI": "https://cea.nic.in/daily-renewable-generation-report/?lang=en",
			"geography": "India",
			"type": "number"
		},
		{
			"name": "CEA.DGR.RES",
			"title": "Generation: Renewable Energy Sources",
			"organisation": "Central Electricity Authority",
			"source": "Daily Renewable Generation Report",
			"URI": "https://cea.nic.in/daily-renewable-generation-report/?lang=en",
			"geography": "India",
			"type": "number"
		}
	]
}